[{"model": "contenttypes.contenttype", "pk": 1, "fields": {"app_label": "admin", "model": "logentry"}}, {"model": "contenttypes.contenttype", "pk": 2, "fields": {"app_label": "auth", "model": "permission"}}, {"model": "contenttypes.contenttype", "pk": 3, "fields": {"app_label": "auth", "model": "group"}}, {"model": "contenttypes.contenttype", "pk": 4, "fields": {"app_label": "auth", "model": "user"}}, {"model": "contenttypes.contenttype", "pk": 5, "fields": {"app_label": "contenttypes", "model": "contenttype"}}, {"model": "contenttypes.contenttype", "pk": 6, "fields": {"app_label": "sessions", "model": "session"}}, {"model": "contenttypes.contenttype", "pk": 7, "fields": {"app_label": "word_list", "model": "wordlist"}}, {"model": "contenttypes.contenttype", "pk": 8, "fields": {"app_label": "word_list", "model": "word"}}, {"model": "contenttypes.contenttype", "pk": 9, "fields": {"app_label": "word_list", "model": "userword"}}, {"model": "sessions.session", "pk": "55uzv2knbcw21pqaqjjbbaf3vhgm4cnw", "fields": {"session_data": "YzEyZGE2Y2E5MjI3NmUwMGFiMjUwOTFiYzZjZDk2OGVkZmZhNTk2NTp7Il9hdXRoX3VzZXJfaWQiOiIxIiwiX2F1dGhfdXNlcl9iYWNrZW5kIjoiZGphbmdvLmNvbnRyaWIuYXV0aC5iYWNrZW5kcy5Nb2RlbEJhY2tlbmQiLCJfYXV0aF91c2VyX2hhc2giOiJhMTQyMmIyNzY1NzM2MTEzM2JmM2EzOTFkOGEwZDVlOTYyYmQ4OTdhIiwic2ltcGxldWlfMjAyMDA2MjYiOnRydWV9", "expire_date": "2020-07-10T05:17:53.838Z"}}, {"model": "sessions.session", "pk": "6yc35lwn0hhsn3t26g29ddfttik5qef5", "fields": {"session_data": "OTI4Zjk1MDU3Y2NmZjY1NDA2YTQwMzBiZjQzNjJlZjEzNDUzYmE3ODp7Il9hdXRoX3VzZXJfaWQiOiIxIiwiX2F1dGhfdXNlcl9iYWNrZW5kIjoiZGphbmdvLmNvbnRyaWIuYXV0aC5iYWNrZW5kcy5Nb2RlbEJhY2tlbmQiLCJfYXV0aF91c2VyX2hhc2giOiJhMTQyMmIyNzY1NzM2MTEzM2JmM2EzOTFkOGEwZDVlOTYyYmQ4OTdhIiwic2ltcGxldWlfMjAyMDA2MjciOnRydWV9", "expire_date": "2020-07-11T06:04:49.148Z"}}, {"model": "sessions.session", "pk": "f3gwelkxb4m9knif8mlm25m0ihll6tsv", "fields": {"session_data": "OTI4Zjk1MDU3Y2NmZjY1NDA2YTQwMzBiZjQzNjJlZjEzNDUzYmE3ODp7Il9hdXRoX3VzZXJfaWQiOiIxIiwiX2F1dGhfdXNlcl9iYWNrZW5kIjoiZGphbmdvLmNvbnRyaWIuYXV0aC5iYWNrZW5kcy5Nb2RlbEJhY2tlbmQiLCJfYXV0aF91c2VyX2hhc2giOiJhMTQyMmIyNzY1NzM2MTEzM2JmM2EzOTFkOGEwZDVlOTYyYmQ4OTdhIiwic2ltcGxldWlfMjAyMDA2MjciOnRydWV9", "expire_date": "2020-07-11T09:36:52.050Z"}}, {"model": "sessions.session", "pk": "hn0esgo5aowfwds0udw7ck7oi34owwfm", "fields": {"session_data": "ZTAzMzE2NzA0ZTBlNTQ2YTdiYmYyYjU3ODBkNDQ2NzM4OGFlYjc0Mzp7Il9hdXRoX3VzZXJfaWQiOiIxIiwiX2F1dGhfdXNlcl9iYWNrZW5kIjoiZGphbmdvLmNvbnRyaWIuYXV0aC5iYWNrZW5kcy5Nb2RlbEJhY2tlbmQiLCJfYXV0aF91c2VyX2hhc2giOiJhMTQyMmIyNzY1NzM2MTEzM2JmM2EzOTFkOGEwZDVlOTYyYmQ4OTdhIiwic2ltcGxldWlfMjAyMDA2MjMiOnRydWUsInNpbXBsZXVpXzIwMjAwNjI0Ijp0cnVlLCJzaW1wbGV1aV8yMDIwMDYyNiI6dHJ1ZX0=", "expire_date": "2020-07-10T03:19:18.884Z"}}, {"model": "sessions.session", "pk": "qaho1ceq6pzsvark9itwsq0nn8wwxw6c", "fields": {"session_data": "NzZiNzRhMDI2NDJiOWVjMGYxZjdmOGE5YTUyZGEyYTJkYmJmZGZjNTp7Il9hdXRoX3VzZXJfaWQiOiIxIiwiX2F1dGhfdXNlcl9iYWNrZW5kIjoiZGphbmdvLmNvbnRyaWIuYXV0aC5iYWNrZW5kcy5Nb2RlbEJhY2tlbmQiLCJfYXV0aF91c2VyX2hhc2giOiJhMTQyMmIyNzY1NzM2MTEzM2JmM2EzOTFkOGEwZDVlOTYyYmQ4OTdhIiwic2ltcGxldWlfMjAyMDA2MjMiOnRydWUsInNpbXBsZXVpXzIwMjAwNjI0Ijp0cnVlfQ==", "expire_date": "2020-07-08T04:17:51.261Z"}}, {"model": "word_list.word", "pk": 1, "fields": {"created": "2020-06-27T06:52:43.849Z", "modified": "2020-06-27T06:52:43.857Z", "content": "adversity", "translate": "n. \u4e0d\u5e78, \u707e\u96be"}}, {"model": "word_list.word", "pk": 2, "fields": {"created": "2020-06-27T06:52:43.849Z", "modified": "2020-06-27T06:52:43.857Z", "content": "communal", "translate": "adj. \u516c\u6709\u7684"}}, {"model": "word_list.word", "pk": 3, "fields": {"created": "2020-06-27T06:52:43.849Z", "modified": "2020-06-27T06:52:43.857Z", "content": "formulate", "translate": "vt. \u89c4\u5212\uff1b\u7528\u516c\u5f0f\u8868\u793a\uff1b\u660e\u786e\u5730\u8868\u8fbe"}}, {"model": "word_list.word", "pk": 4, "fields": {"created": "2020-06-27T06:52:43.849Z", "modified": "2020-06-27T06:52:43.857Z", "content": "annual", "translate": "adj. \u6bcf\u5e74\u7684,\u5e74\u5ea6\u7684,\u4e00\u5e74\u751f\u7684\nn. \u5e74\u520a,\u5e74\u9274,\u4e00\u5e74\u751f\u690d\u7269"}}, {"model": "word_list.word", "pk": 5, "fields": {"created": "2020-06-27T06:52:43.849Z", "modified": "2020-06-27T06:52:43.857Z", "content": "moisture", "translate": "n. \u6f6e\u6e7f,\u6e7f\u6c14"}}, {"model": "word_list.word", "pk": 6, "fields": {"created": "2020-06-27T06:52:43.849Z", "modified": "2020-06-27T06:52:43.857Z", "content": "circulate", "translate": "vi. \u6d41\u901a,\u5faa\u73af,\u4f20\u64ad\nvt. \u4f7f\u6d41\u901a"}}, {"model": "word_list.word", "pk": 7, "fields": {"created": "2020-06-27T06:52:43.849Z", "modified": "2020-06-27T06:52:43.857Z", "content": "detrimental", "translate": "adj. \u6709\u5bb3\u7684\nn. \u6709\u5bb3\u7684\u4eba\u6216\u4e8b"}}, {"model": "word_list.word", "pk": 8, "fields": {"created": "2020-06-27T06:52:43.849Z", "modified": "2020-06-27T06:52:43.857Z", "content": "comprehensive", "translate": "adj. \u7efc\u5408\u7684, \u5e7f\u6cdb\u7684, \u7406\u89e3\u7684"}}, {"model": "word_list.word", "pk": 9, "fields": {"created": "2020-06-27T06:52:43.849Z", "modified": "2020-06-27T06:52:43.857Z", "content": "outlay", "translate": "n. \u8d39\u7528, \u7ecf\u8d39, \u652f\u51fa\nv. \u82b1\u8d39"}}, {"model": "word_list.word", "pk": 10, "fields": {"created": "2020-06-27T06:52:43.849Z", "modified": "2020-06-27T06:52:43.857Z", "content": "attainment", "translate": "n. \u8fbe\u5230,\u83b7\u5f97\n\uff08\u5e38\u590d\u6570\uff09attainments:\u6210\u5c31\uff0c\u624d\u80fd\uff0c\u5b66\u8bc6"}}, {"model": "word_list.word", "pk": 11, "fields": {"created": "2020-06-27T06:52:43.849Z", "modified": "2020-06-27T06:52:43.857Z", "content": "archaeological", "translate": "adj.\u8003\u53e4\u5b66\u7684,\u8003\u53e4\u5b66\u4e0a\u7684"}}, {"model": "word_list.word", "pk": 12, "fields": {"created": "2020-06-27T06:52:43.849Z", "modified": "2020-06-27T06:52:43.857Z", "content": "municipal", "translate": "adj. \u5e02\u7684,\u5e02\u653f\u7684\nn. \u653f\u5e9c\u8bc1\u5238"}}, {"model": "word_list.word", "pk": 13, "fields": {"created": "2020-06-27T06:52:43.849Z", "modified": "2020-06-27T06:52:43.857Z", "content": "oversee", "translate": "v. \u5411\u4e0b\u770b,\u4e86\u671b,\u76d1\u7763"}}, {"model": "word_list.word", "pk": 14, "fields": {"created": "2020-06-27T06:52:43.849Z", "modified": "2020-06-27T06:52:43.857Z", "content": "vicinity", "translate": "n. \u90bb\u8fd1,\u5468\u8fb9\u5730\u533a"}}, {"model": "word_list.word", "pk": 15, "fields": {"created": "2020-06-27T06:52:43.849Z", "modified": "2020-06-27T06:52:43.857Z", "content": "fund", "translate": "n.\u57fa\u91d1\uff1b \u50a8\u5907\uff1b \u73b0\u6b3e\uff1b \u7279\u522b\u57fa\u91d1\u7ba1\u7406\u673a\u6784\nvt.\u79ef\u5b58\uff1b \u4e3a\u2026\u63d0\u4f9b\u8d44\u91d1\uff1b \u63d0\u4f9b\u8d44\u91d1\u507f\u4ed8\uff08\u503a\u6b3e\u7b49\uff09\u7684\u672c\u606f\uff1b \u628a\uff08\u77ed\u671f\u501f\u6b3e\uff09\u8f6c\u4e3a\u6709\u56fa\u5b9a\u5229\u606f\u7684\u957f\u671f\u501f\u6b3e"}}, {"model": "word_list.word", "pk": 16, "fields": {"created": "2020-06-27T06:52:43.849Z", "modified": "2020-06-27T06:52:43.857Z", "content": "consistent", "translate": "adj. \u59cb\u7ec8\u5982\u4e00\u7684, \u4e00\u81f4\u7684, \u575a\u6301\u7684"}}, {"model": "word_list.word", "pk": 17, "fields": {"created": "2020-06-27T06:52:43.849Z", "modified": "2020-06-27T06:52:43.857Z", "content": "accessible", "translate": "adj. \u53ef\u5f97\u5230\u7684, \u6613\u63a5\u8fd1\u7684, \u53ef\u8fdb\u5165\u7684"}}, {"model": "word_list.word", "pk": 18, "fields": {"created": "2020-06-27T06:52:43.849Z", "modified": "2020-06-27T06:52:43.857Z", "content": "supplementary", "translate": "adj. \u8865\u5145\u7684, \u9644\u52a0\u7684"}}, {"model": "word_list.word", "pk": 19, "fields": {"created": "2020-06-27T06:52:43.849Z", "modified": "2020-06-27T06:52:43.857Z", "content": "soar", "translate": "n. \u9ad8\u626c\nvi. \u5f80\u4e0a\u98de\u821e,\u9ad8\u8038,\u6ed1\u7fd4"}}, {"model": "word_list.word", "pk": 20, "fields": {"created": "2020-06-27T06:52:43.849Z", "modified": "2020-06-27T06:52:43.857Z", "content": "inferior", "translate": "adj. \u6b21\u7b49\u7684, \u8f83\u4f4e\u7684, \u4e0d\u5982\u7684"}}, {"model": "word_list.word", "pk": 21, "fields": {"created": "2020-06-27T06:52:43.849Z", "modified": "2020-06-27T06:52:43.857Z", "content": "jeopardise", "translate": "vt. \u4f7f...\u906d\u9047\u5371\u9669\uff0c\u5371\u53ca=jeopardize\uff08\u7f8e\uff09"}}, {"model": "word_list.word", "pk": 22, "fields": {"created": "2020-06-27T06:52:43.849Z", "modified": "2020-06-27T06:52:43.857Z", "content": "peripherally", "translate": "adj. \u4e0d\u91cd\u8981\u7684,\u5916\u56f4\u7684\nn. \u5916\u56f4\u8bbe\u5907"}}, {"model": "word_list.word", "pk": 23, "fields": {"created": "2020-06-27T06:52:43.849Z", "modified": "2020-06-27T06:52:43.857Z", "content": "prior", "translate": "adj. \u66f4\u91cd\u8981\u7684, \u8f83\u65e9\u7684, \u5728\u5148\u7684\nadv. \u5c45\u5148\nn. \u5c0f\u4fee\u9053\u9662\u9662\u957f; \u5927\u4fee\u9053\u9662\u526f\u9662\u957f"}}, {"model": "word_list.word", "pk": 24, "fields": {"created": "2020-06-27T06:52:43.849Z", "modified": "2020-06-27T06:52:43.857Z", "content": "virtually", "translate": "adv. \u51e0\u4e4e,\u5b9e\u9645\u4e0a"}}, {"model": "word_list.word", "pk": 25, "fields": {"created": "2020-06-27T06:52:43.849Z", "modified": "2020-06-27T06:52:43.857Z", "content": "monument", "translate": "n. \u7eaa\u5ff5\u7891,\u5386\u53f2\u9057\u8ff9"}}, {"model": "word_list.word", "pk": 26, "fields": {"created": "2020-06-27T06:52:43.849Z", "modified": "2020-06-27T06:52:43.857Z", "content": "intensive", "translate": "adj. \u5f3a\u70c8\u7684, \u5bc6\u96c6\u7684, \u7cbe\u7ec6\u7684, \u5f3a\u8c03\u7684\nn. (\u8bed\u6cd5)\u5f3a\u8c03\u6210\u4efd"}}, {"model": "word_list.word", "pk": 27, "fields": {"created": "2020-06-27T06:52:43.849Z", "modified": "2020-06-27T06:52:43.857Z", "content": "sustainable", "translate": "adj. \u53ef\u4ee5\u5fcd\u53d7\u7684\uff1b\u8db3\u53ef\u652f\u6491\u7684\uff1b\u517b\u5f97\u8d77\u7684\uff1b\u53ef\u6301\u7eed\u7684"}}, {"model": "word_list.word", "pk": 28, "fields": {"created": "2020-06-27T06:52:43.849Z", "modified": "2020-06-27T06:52:43.857Z", "content": "inhabitant", "translate": "n. \u5c45\u6c11"}}, {"model": "word_list.word", "pk": 29, "fields": {"created": "2020-06-27T06:52:43.849Z", "modified": "2020-06-27T06:52:43.857Z", "content": "procedure", "translate": "n. \u7a0b\u5e8f, \u624b\u7eed, \u6b65\u9aa4; \u5e38\u89c4\u7684\u505a\u6cd5"}}, {"model": "word_list.word", "pk": 30, "fields": {"created": "2020-06-27T06:52:43.849Z", "modified": "2020-06-27T06:52:43.857Z", "content": "escalate", "translate": "vt. \u6269\u5927,\u5347\u9ad8,\u589e\u5f3a\nvi. \u9010\u6b65\u5347\u7ea7"}}, {"model": "word_list.word", "pk": 31, "fields": {"created": "2020-06-27T06:52:43.849Z", "modified": "2020-06-27T06:52:43.857Z", "content": "atmosphere", "translate": "n. \u5927\u6c14, \u6c14\u6c1b\uff0c\u7a7a\u6c14, \u683c\u8c03, \u60c5\u8da3, \u6c14\u538b"}}, {"model": "word_list.word", "pk": 32, "fields": {"created": "2020-06-27T06:52:43.849Z", "modified": "2020-06-27T06:52:43.857Z", "content": "definitive", "translate": "adj. \u51b3\u5b9a\u6027\u7684\uff0c\u6743\u5a01\u6027\u7684\uff0c\u786e\u5b9a\u7684\uff0c\u9650\u5b9a\u7684\nn. \u9650\u5b9a\u8bcd"}}, {"model": "word_list.word", "pk": 33, "fields": {"created": "2020-06-27T06:52:43.849Z", "modified": "2020-06-27T06:52:43.857Z", "content": "emphasis", "translate": "n. \u5f3a\u8c03,\u91cd\u70b9"}}, {"model": "word_list.word", "pk": 34, "fields": {"created": "2020-06-27T06:52:43.849Z", "modified": "2020-06-27T06:52:43.857Z", "content": "venue", "translate": "n.\u72af\u7f6a\u5730\u70b9,\u5ba1\u5224\u5730,\u7ba1\u8f96\u5730,\u53d1\u751f\u5730\u70b9,\u96c6\u5408\u5730,\u4f53\u80b2\u573a\u9986"}}, {"model": "word_list.word", "pk": 35, "fields": {"created": "2020-06-27T06:52:43.849Z", "modified": "2020-06-27T06:52:43.857Z", "content": "hostel", "translate": "n. \u62db\u5f85\u6240"}}, {"model": "word_list.word", "pk": 36, "fields": {"created": "2020-06-27T06:52:43.849Z", "modified": "2020-06-27T06:52:43.857Z", "content": "dismissal", "translate": "n. \u514d\u804c, \u89e3\u96c7"}}, {"model": "word_list.word", "pk": 37, "fields": {"created": "2020-06-27T06:52:43.849Z", "modified": "2020-06-27T06:52:43.857Z", "content": "qualifications", "translate": "n. \u8d44\u683c, \u6761\u4ef6, \u9650\u5236"}}, {"model": "word_list.word", "pk": 38, "fields": {"created": "2020-06-27T06:52:43.849Z", "modified": "2020-06-27T06:52:43.857Z", "content": "woodland", "translate": "n. \u68ee\u6797\u5730, \u6797\u5730\nadj. \u6797\u5730\u7684"}}, {"model": "word_list.word", "pk": 39, "fields": {"created": "2020-06-27T06:52:43.849Z", "modified": "2020-06-27T06:52:43.857Z", "content": "antenna", "translate": "n. \u89e6\u89d2,\u5929\u7ebf,\u611f\u89c9,\u76f4\u89c9"}}, {"model": "word_list.word", "pk": 40, "fields": {"created": "2020-06-27T06:52:43.849Z", "modified": "2020-06-27T06:52:43.857Z", "content": "bark", "translate": "n. \u72d7\u53eb,\u5486\u54ee,\u5389\u58f0\u8bf4\u8bdd,\u6811\u76ae,\u5c0f\u5e06\u8239\nvi. \u5420\u53eb,\u5486\u54ee,\u6025\u4fc3\u5730\u8bf4\nvt. \u5486\u54ee,\u53eb\u5356,\u6495(\u8868\u76ae)"}}, {"model": "word_list.word", "pk": 41, "fields": {"created": "2020-06-27T06:52:43.849Z", "modified": "2020-06-27T06:52:43.857Z", "content": "concrete", "translate": "n. \u6c34\u6ce5,\u6df7\u51dd\u571f\nadj. \u5177\u4f53\u7684,\u5b9e\u5728\u7684,\u6c34\u6ce5\u7684\nvt. &vi. \u51dd\u7ed3,\u7ed3\u5408"}}, {"model": "word_list.word", "pk": 42, "fields": {"created": "2020-06-27T06:52:43.849Z", "modified": "2020-06-27T06:52:43.857Z", "content": "fertilizer", "translate": "n. \u80a5\u6599"}}, {"model": "word_list.word", "pk": 43, "fields": {"created": "2020-06-27T06:52:43.849Z", "modified": "2020-06-27T06:52:43.857Z", "content": "windmills", "translate": "n. \u98ce\u8f66\nv. (\u4f7f\uff09\u50cf\u98ce\u8f66\u4e00\u6837\u65cb\u8f6c"}}, {"model": "word_list.word", "pk": 44, "fields": {"created": "2020-06-27T06:52:43.849Z", "modified": "2020-06-27T06:52:43.857Z", "content": "judo", "translate": "n. \u67d4\u9053"}}, {"model": "word_list.word", "pk": 45, "fields": {"created": "2020-06-27T06:52:43.849Z", "modified": "2020-06-27T06:52:43.857Z", "content": "fiancee", "translate": "n. \u672a\u5a5a\u59bb"}}, {"model": "word_list.word", "pk": 46, "fields": {"created": "2020-06-27T06:52:43.849Z", "modified": "2020-06-27T06:52:43.857Z", "content": "tutorial", "translate": "n. \u4e2a\u522b\u6307\u5bfc\nadj. \u4e2a\u522b\u6307\u5bfc\u7684"}}, {"model": "word_list.word", "pk": 47, "fields": {"created": "2020-06-27T06:52:43.849Z", "modified": "2020-06-27T06:52:43.857Z", "content": "diploma", "translate": "n. \u6587\u51ed"}}, {"model": "word_list.word", "pk": 48, "fields": {"created": "2020-06-27T06:52:43.849Z", "modified": "2020-06-27T06:52:43.857Z", "content": "manipulation", "translate": "n. \u64cd\u4f5c\uff0c\u63a7\u5236\uff0c\u7a9c\u6539"}}, {"model": "word_list.word", "pk": 49, "fields": {"created": "2020-06-27T06:52:43.849Z", "modified": "2020-06-27T06:52:43.857Z", "content": "licence", "translate": "n. \u6267\u7167,\u8bb8\u53ef,\u7279\u8bb8,\u81ea\u7531,\u653e\u7eb5\nvt. \u540c\u610f,\u8bb8\u53ef"}}, {"model": "word_list.word", "pk": 50, "fields": {"created": "2020-06-27T06:52:43.849Z", "modified": "2020-06-27T06:52:43.857Z", "content": "pasture", "translate": "n. \u7267\u573a\nv. \u5403(\u8349)\nvt. \u653e\u7267"}}, {"model": "word_list.word", "pk": 51, "fields": {"created": "2020-06-27T06:52:43.849Z", "modified": "2020-06-27T06:52:43.857Z", "content": "peers", "translate": "vi. \u51dd\u89c6\uff0c\u76ef\u7740\u770b\uff1b\u7aa5\u89c6\nvt. \u5c01\u4e3a\u8d35\u65cf\uff1b\u4e0e\u2026\u540c\u7b49\nn. \u8d35\u65cf\uff1b\u540c\u7b49\u7684\u4eba"}}, {"model": "word_list.word", "pk": 52, "fields": {"created": "2020-06-27T06:52:43.849Z", "modified": "2020-06-27T06:52:43.857Z", "content": "fabric", "translate": "n. \u7ec7\u7269, \u5e03, \u7ed3\u6784"}}, {"model": "word_list.word", "pk": 53, "fields": {"created": "2020-06-27T06:52:43.849Z", "modified": "2020-06-27T06:52:43.857Z", "content": "testimony", "translate": "n. \u8bc1\u8a00,\u8bc1\u636e"}}, {"model": "word_list.word", "pk": 54, "fields": {"created": "2020-06-27T06:52:43.849Z", "modified": "2020-06-27T06:52:43.857Z", "content": "chandelier", "translate": "n. \u679d\u5f62\u540a\u706f(\u70db\u53f0)"}}, {"model": "word_list.word", "pk": 55, "fields": {"created": "2020-06-27T06:52:43.849Z", "modified": "2020-06-27T06:52:43.857Z", "content": "bladders", "translate": "n. \u8180\u80f1\uff0c\u56ca\uff0c\u56ca\u72b6\u7269"}}, {"model": "word_list.word", "pk": 56, "fields": {"created": "2020-06-27T06:52:43.849Z", "modified": "2020-06-27T06:52:43.857Z", "content": "cellolose", "translate": "\u5355\u8bcd\u4e0d\u6b63\u786e\u6216\u8005\u624b\u52a8\u66f4\u65b0\u91ca\u4e49\uff01"}}, {"model": "word_list.word", "pk": 57, "fields": {"created": "2020-06-27T06:52:43.849Z", "modified": "2020-06-27T06:52:43.857Z", "content": "tent", "translate": "n. \u5e10\u7bf7\nvt.& vi. \u4f4f\u5e10\u7bf7,\u5bbf\u8425"}}, {"model": "word_list.word", "pk": 58, "fields": {"created": "2020-06-27T06:52:43.849Z", "modified": "2020-06-27T06:52:43.857Z", "content": "refreshments", "translate": "n. \u6062\u590d\uff0c\u7cbe\u795e\u723d\u5feb\uff0c\u63d0\u795e\u4e4b\u4e8b\u7269\uff1b\u70b9\u5fc3\uff0c\u8336\u70b9"}}, {"model": "word_list.word", "pk": 59, "fields": {"created": "2020-06-27T06:52:43.849Z", "modified": "2020-06-27T06:52:43.857Z", "content": "toads", "translate": "n. \u87fe\u870d, \u765e\u86e4\u87c6"}}, {"model": "word_list.word", "pk": 60, "fields": {"created": "2020-06-27T06:52:43.849Z", "modified": "2020-06-27T06:52:43.857Z", "content": "womb", "translate": "n. \u5b50\u5bab"}}, {"model": "word_list.word", "pk": 61, "fields": {"created": "2020-06-27T06:52:43.849Z", "modified": "2020-06-27T06:52:43.857Z", "content": "pond", "translate": "n. \u6c60\u5858\nvt. \u5835\u6cb3\u6210\u6e56\nvi. \u5f62\u6210\u6c60\u5858"}}, {"model": "word_list.word", "pk": 62, "fields": {"created": "2020-06-27T06:52:43.849Z", "modified": "2020-06-27T06:52:43.857Z", "content": "habitat", "translate": "n. (\u52a8\u690d\u7269\u7684)\u4ea7\u5730,\u6816\u606f\u5730"}}, {"model": "word_list.word", "pk": 63, "fields": {"created": "2020-06-27T06:52:43.849Z", "modified": "2020-06-27T06:52:43.857Z", "content": "leaflet", "translate": "n. \u5c0f\u53f6,\u4f20\u5355\nvt.& vi. \u6563\u53d1\u4f20\u5355"}}, {"model": "word_list.word", "pk": 64, "fields": {"created": "2020-06-27T06:52:43.849Z", "modified": "2020-06-27T06:52:43.857Z", "content": "fuel", "translate": "n. \u71c3\u6599,\u6728\u70ad\nvt. \u4f9b\u4ee5\u71c3\u6599\nvi. \u52a0\u71c3\u6599"}}, {"model": "word_list.word", "pk": 65, "fields": {"created": "2020-06-27T06:52:43.849Z", "modified": "2020-06-27T06:52:43.857Z", "content": "predator", "translate": "n. \u98df\u8089\u52a8\u7269,\u63a0\u593a\u8005"}}, {"model": "word_list.word", "pk": 66, "fields": {"created": "2020-06-27T06:52:43.849Z", "modified": "2020-06-27T06:52:43.857Z", "content": "variables", "translate": "adj. \u53ef\u53d8\u7684,\u6613\u53d8\u7684\nn. \u53d8\u91cf, \u6613\u53d8\u7684\u4e1c\u897f"}}, {"model": "word_list.word", "pk": 67, "fields": {"created": "2020-06-27T06:52:43.849Z", "modified": "2020-06-27T06:52:43.857Z", "content": "poverty", "translate": "n. \u8d2b\u7a77,\u8d2b\u56f0"}}, {"model": "word_list.word", "pk": 68, "fields": {"created": "2020-06-27T06:52:43.849Z", "modified": "2020-06-27T06:52:43.857Z", "content": "realism", "translate": "n. \u5199\u5b9e\u4e3b\u4e49, \u73b0\u5b9e\u4e3b\u4e49"}}, {"model": "word_list.word", "pk": 69, "fields": {"created": "2020-06-27T06:52:43.849Z", "modified": "2020-06-27T06:52:43.857Z", "content": "frustration", "translate": "n. \u6253\u7834,\u632b\u6298,\u987f\u632b\n[\u8ba1\u7b97\u673a] \u5931\u8d25"}}, {"model": "word_list.word", "pk": 70, "fields": {"created": "2020-06-27T06:52:43.849Z", "modified": "2020-06-27T06:52:43.857Z", "content": "exterior", "translate": "n. \u5916\u90e8, \u8868\u9762, \u5916\u578b\nadj. \u5916\u90e8\u7684, \u5916\u5728\u7684, \u8868\u9762\u7684\n[\u8ba1\u7b97\u673a] \u5916\u90e8\u7684"}}, {"model": "word_list.word", "pk": 71, "fields": {"created": "2020-06-27T06:52:43.849Z", "modified": "2020-06-27T06:52:43.857Z", "content": "engineering", "translate": "n. \u5de5\u7a0b(\u5b66),\u5de5\u7a0b\u6280\u672f"}}, {"model": "word_list.word", "pk": 72, "fields": {"created": "2020-06-27T06:52:43.849Z", "modified": "2020-06-27T06:52:43.857Z", "content": "spa", "translate": "n. \u77ff\u6cc9, \u6e29\u6cc9\u6d74\u573a"}}, {"model": "word_list.word", "pk": 73, "fields": {"created": "2020-06-27T06:52:43.849Z", "modified": "2020-06-27T06:52:43.857Z", "content": "hairdresser", "translate": "n. \u7406\u53d1\u5e08\uff0c\u7f8e\u5bb9\u5e08\n=barber(\u82f1\uff09"}}, {"model": "word_list.word", "pk": 74, "fields": {"created": "2020-06-27T06:52:43.849Z", "modified": "2020-06-27T06:52:43.857Z", "content": "ratio", "translate": "n. \u6bd4,\u6bd4\u7387"}}, {"model": "word_list.word", "pk": 75, "fields": {"created": "2020-06-27T06:52:43.849Z", "modified": "2020-06-27T06:52:43.857Z", "content": "temperature", "translate": "n. \u6e29\u5ea6,\u53d1\u70e7"}}, {"model": "word_list.word", "pk": 76, "fields": {"created": "2020-06-27T06:52:43.849Z", "modified": "2020-06-27T06:52:43.857Z", "content": "parachute", "translate": "n. \u964d\u843d\u4f1e,\u7ffc\u819c,\u7f13\u964d\u7269\nvi. &vt. \u8df3\u4f1e"}}, {"model": "word_list.word", "pk": 77, "fields": {"created": "2020-06-27T06:52:43.849Z", "modified": "2020-06-27T06:52:43.857Z", "content": "valve", "translate": "n. \u74e3\u819c,\u9600\u95e8,\u7535\u5b50\u7ba1,\u771f\u7a7a\u7ba1"}}, {"model": "word_list.word", "pk": 78, "fields": {"created": "2020-06-27T06:52:43.849Z", "modified": "2020-06-27T06:52:43.857Z", "content": "chimpanzees", "translate": "n. \u9ed1\u7329\u7329"}}, {"model": "word_list.word", "pk": 79, "fields": {"created": "2020-06-27T06:52:43.849Z", "modified": "2020-06-27T06:52:43.857Z", "content": "dominace", "translate": "\u5355\u8bcd\u4e0d\u6b63\u786e\u6216\u8005\u624b\u52a8\u66f4\u65b0\u91ca\u4e49\uff01"}}, {"model": "word_list.word", "pk": 80, "fields": {"created": "2020-06-27T06:52:43.849Z", "modified": "2020-06-27T06:52:43.857Z", "content": "nutshell", "translate": "n. \u575a\u679c\u58f3, \u6781\u5c0f\u7684\u5bb9\u5668, \u6781\u5c0f\u7684\u4f4f\u5bb6"}}, {"model": "word_list.word", "pk": 81, "fields": {"created": "2020-06-27T06:52:43.849Z", "modified": "2020-06-27T06:52:43.857Z", "content": "binoculars", "translate": "n. \u53cc\u773c\u671b\u8fdc\u955c"}}, {"model": "word_list.word", "pk": 82, "fields": {"created": "2020-06-27T06:52:43.849Z", "modified": "2020-06-27T06:52:43.857Z", "content": "eskimo", "translate": "n. \u7231\u65af\u57fa\u6469\u4eba\uff0c\u7231\u65af\u57fa\u6469\u8bed\nadj. \u7231\u65af\u57fa\u6469\u4eba\u7684\uff0c\u7231\u65af\u57fa\u6469\u8bed\u7684"}}, {"model": "word_list.word", "pk": 83, "fields": {"created": "2020-06-27T06:52:43.849Z", "modified": "2020-06-27T06:52:43.857Z", "content": "vibration", "translate": "n. \u9707\u52a8, \u98a4\u52a8"}}, {"model": "word_list.word", "pk": 84, "fields": {"created": "2020-06-27T06:52:43.849Z", "modified": "2020-06-27T06:52:43.857Z", "content": "bulb", "translate": "n. \u7535\u706f\u6ce1,\u7403\u72b6\u7269"}}, {"model": "word_list.word", "pk": 85, "fields": {"created": "2020-06-27T06:52:43.849Z", "modified": "2020-06-27T06:52:43.857Z", "content": "mud", "translate": "n. \u6ce5,\u6ce5\u6d46,\u6076\u610f\u8bfd\u8c24\u548c\u653b\u51fb\nvt. \u5f04\u810f,\u6c61\u8511"}}, {"model": "word_list.word", "pk": 86, "fields": {"created": "2020-06-27T06:52:43.849Z", "modified": "2020-06-27T06:52:43.857Z", "content": "reservoir", "translate": "n. \u6c34\u5e93,\u84c4\u6c34\u6c60,\u79ef\u84c4,\u50a8\u85cf"}}, {"model": "word_list.word", "pk": 87, "fields": {"created": "2020-06-27T06:52:43.849Z", "modified": "2020-06-27T06:52:43.857Z", "content": "proofreading", "translate": "vt. \u6821\u5bf9"}}, {"model": "word_list.word", "pk": 88, "fields": {"created": "2020-06-27T06:52:43.849Z", "modified": "2020-06-27T06:52:43.857Z", "content": "librarian", "translate": "n. \u56fe\u4e66\u7ba1\u7406\u5458"}}, {"model": "word_list.word", "pk": 89, "fields": {"created": "2020-06-27T06:52:43.849Z", "modified": "2020-06-27T06:52:43.857Z", "content": "peas", "translate": "n. \u8c4c\u8c46"}}, {"model": "word_list.word", "pk": 90, "fields": {"created": "2020-06-27T06:52:43.849Z", "modified": "2020-06-27T06:52:43.857Z", "content": "porcelain", "translate": "n. \u74f7\u5668,\u74f7\nadj. \u74f7\u5236\u7684, \u7cbe\u7f8e\u7684, \u8106\u7684"}}, {"model": "word_list.word", "pk": 91, "fields": {"created": "2020-06-27T06:52:43.849Z", "modified": "2020-06-27T06:52:43.857Z", "content": "plough", "translate": "n. \u7281, \u8015\u5730\nv. \u7528\u7281\u8015\u7530, \u8015\u7281"}}, {"model": "word_list.word", "pk": 92, "fields": {"created": "2020-06-27T06:52:43.849Z", "modified": "2020-06-27T06:52:43.857Z", "content": "representative", "translate": "adj. \u4ee3\u8868\u6027\u7684, \u4ee3\u8bae\u5236\u7684, \u5178\u578b\u7684\nn. \u4ee3\u8868, \u4f17\u8bae\u5458, \u5178\u578b"}}, {"model": "word_list.word", "pk": 93, "fields": {"created": "2020-06-27T06:52:43.849Z", "modified": "2020-06-27T06:52:43.857Z", "content": "voicemail", "translate": "n. \u8bed\u97f3\u4fe1\u7bb1"}}, {"model": "word_list.word", "pk": 94, "fields": {"created": "2020-06-27T06:52:43.849Z", "modified": "2020-06-27T06:52:43.857Z", "content": "nowithstanding", "translate": "\u5355\u8bcd\u4e0d\u6b63\u786e\u6216\u8005\u624b\u52a8\u66f4\u65b0\u91ca\u4e49\uff01"}}, {"model": "word_list.word", "pk": 95, "fields": {"created": "2020-06-27T06:52:43.849Z", "modified": "2020-06-27T06:52:43.857Z", "content": "allergy", "translate": "n. \u654f\u611f\u75c7,\u53cd\u611f,\u538c\u6076"}}, {"model": "word_list.word", "pk": 96, "fields": {"created": "2020-06-27T06:52:43.849Z", "modified": "2020-06-27T06:52:43.857Z", "content": "alteration", "translate": "n. \u6539\u53d8, \u53d8\u66f4"}}, {"model": "word_list.word", "pk": 97, "fields": {"created": "2020-06-27T06:52:43.849Z", "modified": "2020-06-27T06:52:43.857Z", "content": "analysis", "translate": "n. \u5206\u6790, \u89e3\u6790"}}, {"model": "word_list.word", "pk": 98, "fields": {"created": "2020-06-27T06:52:43.849Z", "modified": "2020-06-27T06:52:43.857Z", "content": "analyst", "translate": "n. \u5206\u6790\u5bb6"}}, {"model": "word_list.word", "pk": 99, "fields": {"created": "2020-06-27T06:52:43.849Z", "modified": "2020-06-27T06:52:43.857Z", "content": "ankle", "translate": "n. \u8e1d, \u8e1d\u5173\u8282"}}, {"model": "word_list.word", "pk": 100, "fields": {"created": "2020-06-27T06:52:43.849Z", "modified": "2020-06-27T06:52:43.857Z", "content": "antarctica", "translate": "n. \u5357\u6781\u6d32"}}, {"model": "word_list.word", "pk": 101, "fields": {"created": "2020-06-27T06:52:43.849Z", "modified": "2020-06-27T06:52:43.857Z", "content": "ape", "translate": "n. \u733f"}}, {"model": "word_list.word", "pk": 102, "fields": {"created": "2020-06-27T06:52:43.849Z", "modified": "2020-06-27T06:52:43.857Z", "content": "architect", "translate": "n. \u5efa\u7b51\u5e08"}}, {"model": "word_list.word", "pk": 103, "fields": {"created": "2020-06-27T06:52:43.849Z", "modified": "2020-06-27T06:52:43.857Z", "content": "aspirin", "translate": "n. \u963f\u65af\u5339\u6797"}}, {"model": "word_list.word", "pk": 104, "fields": {"created": "2020-06-27T06:52:43.849Z", "modified": "2020-06-27T06:52:43.857Z", "content": "atlas", "translate": "n. \u5730\u56fe\u96c6\nAtlas: \u64ce\u5929\u795e\uff0c\u80cc\u8d1f\u91cd\u7269\u7684\u4eba"}}, {"model": "word_list.word", "pk": 105, "fields": {"created": "2020-06-27T06:52:43.849Z", "modified": "2020-06-27T06:52:43.857Z", "content": "auditorium", "translate": "n. \u793c\u5802\uff0c\u89c2\u4f17\u5e2d"}}, {"model": "word_list.word", "pk": 106, "fields": {"created": "2020-06-27T06:52:43.849Z", "modified": "2020-06-27T06:52:43.857Z", "content": "bachelor", "translate": "n. \u5355\u8eab\u6c49, \u5b66\u58eb"}}, {"model": "word_list.word", "pk": 107, "fields": {"created": "2020-06-27T06:52:43.849Z", "modified": "2020-06-27T06:52:43.857Z", "content": "badminton", "translate": "n. \u7fbd\u6bdb\u7403"}}, {"model": "word_list.word", "pk": 108, "fields": {"created": "2020-06-27T06:52:43.849Z", "modified": "2020-06-27T06:52:43.857Z", "content": "baldness", "translate": "\u5355\u8bcd\u4e0d\u6b63\u786e\u6216\u8005\u624b\u52a8\u66f4\u65b0\u91ca\u4e49\uff01"}}, {"model": "word_list.word", "pk": 109, "fields": {"created": "2020-06-27T06:52:43.849Z", "modified": "2020-06-27T06:52:43.857Z", "content": "bandage", "translate": "n. \u7ef7\u5e26"}}, {"model": "word_list.word", "pk": 110, "fields": {"created": "2020-06-27T06:52:43.849Z", "modified": "2020-06-27T06:52:43.857Z", "content": "basis", "translate": "n. \u57fa\u7840,\u6839\u636e,\u4e3b\u8981\u6210\u5206"}}, {"model": "word_list.word", "pk": 111, "fields": {"created": "2020-06-27T06:52:43.849Z", "modified": "2020-06-27T06:52:43.857Z", "content": "beard", "translate": "n. \u80e1\u987b\nvt. \u6293\u4f4f\u80e1\u987b,\u516c\u5f00\u53cd\u5bf9"}}, {"model": "word_list.word", "pk": 112, "fields": {"created": "2020-06-27T06:52:43.849Z", "modified": "2020-06-27T06:52:43.857Z", "content": "bedsit", "translate": "n.\u5367\u5ba4\u517c\u8d77\u5c45\u5ba4"}}, {"model": "word_list.word", "pk": 113, "fields": {"created": "2020-06-27T06:52:43.849Z", "modified": "2020-06-27T06:52:43.857Z", "content": "bibliography", "translate": "n. (\u6709\u5173\u67d0\u4e00\u4e13\u9898\u7684)\u4e66\u76ee,\u53c2\u8003\u4e66\u76ee"}}, {"model": "word_list.word", "pk": 114, "fields": {"created": "2020-06-27T06:52:43.849Z", "modified": "2020-06-27T06:52:43.857Z", "content": "bowl", "translate": "n. \u7897, \u7269\u4f53\u7684\u7897\u72b6\u90e8\u5206, \u5b63\u540e\u8d5b, \u5706\u5f62\u9732\u5929\u5267\u573a\nvi. \u6253\u4fdd\u9f84\u7403, \u5feb\u901f\u79fb\u52a8\nvt. \u6295\u7403, \u6295\u7403\u5f97\u5206"}}, {"model": "word_list.word", "pk": 115, "fields": {"created": "2020-06-27T06:52:43.849Z", "modified": "2020-06-27T06:52:43.857Z", "content": "bowling", "translate": "n. \u4fdd\u9f84\u7403"}}, {"model": "word_list.word", "pk": 116, "fields": {"created": "2020-06-27T06:52:43.849Z", "modified": "2020-06-27T06:52:43.857Z", "content": "brochures", "translate": "n. \u5c0f\u518c\u5b50"}}, {"model": "word_list.word", "pk": 117, "fields": {"created": "2020-06-27T06:52:43.849Z", "modified": "2020-06-27T06:52:43.857Z", "content": "burglar", "translate": "n. \u7a83\u8d3c"}}, {"model": "word_list.word", "pk": 118, "fields": {"created": "2020-06-27T06:52:43.849Z", "modified": "2020-06-27T06:52:43.857Z", "content": "bungalow", "translate": "n. (\u6709\u51c9\u53f0\u7684)\u5e73\u623f, \u5c0f\u5c4b"}}, {"model": "word_list.word", "pk": 119, "fields": {"created": "2020-06-27T06:52:43.849Z", "modified": "2020-06-27T06:52:43.857Z", "content": "canteen", "translate": "n.\u5c0f\u5356\u90e8\uff1b \u98df\u5802\uff0c\u5c0f\u996d\u9986\uff1b \u6c34\u7f50\uff1b \u9910\u5177\u76d2\uff0c\u708a\u5177\u7bb1"}}, {"model": "word_list.word", "pk": 120, "fields": {"created": "2020-06-27T06:52:43.849Z", "modified": "2020-06-27T06:52:43.857Z", "content": "capsule", "translate": "n. \u835a\u819c, \u80f6\u56ca, \u7b80\u7f29, \u592a\u7a7a\u8231\nvt. \u88c5\u5165\u80f6\u56ca, \u7b80\u7f29, \u6982\u62ec\nadj. \u7cbe\u7b80\u7684, \u5c0f\u5de7\u7684"}}, {"model": "word_list.word", "pk": 121, "fields": {"created": "2020-06-27T06:52:43.849Z", "modified": "2020-06-27T06:52:43.857Z", "content": "carving", "translate": "n. \u96d5\u523b\u54c1, \u96d5\u523b, \u96d5\u523b\u672f\n\u52a8\u8bcdcarve\u7684\u73b0\u5728\u5206\u8bcd"}}, {"model": "word_list.word", "pk": 122, "fields": {"created": "2020-06-27T06:52:43.849Z", "modified": "2020-06-27T06:52:43.857Z", "content": "cashier", "translate": "n. \u51fa\u7eb3\u5458,\u6536\u94f6\u5458\nvt. \u89e3\u804c,\u4e22\u5f03"}}, {"model": "word_list.word", "pk": 123, "fields": {"created": "2020-06-27T06:52:43.849Z", "modified": "2020-06-27T06:52:43.857Z", "content": "cathedral", "translate": "n. \u5927\u6559\u5802"}}, {"model": "word_list.word", "pk": 124, "fields": {"created": "2020-06-27T06:52:43.849Z", "modified": "2020-06-27T06:52:43.857Z", "content": "cents", "translate": "n. \u5206"}}, {"model": "word_list.word", "pk": 125, "fields": {"created": "2020-06-27T06:52:43.849Z", "modified": "2020-06-27T06:52:43.857Z", "content": "chancellor", "translate": "n. \u82f1\u5927\u81e3(\u4f7f\u9986\u79d8\u4e66, \u9996\u76f8)"}}, {"model": "word_list.word", "pk": 126, "fields": {"created": "2020-06-27T06:52:43.849Z", "modified": "2020-06-27T06:52:43.857Z", "content": "chin", "translate": "n. \u4e0b\u5df4,\u988f\nvt. \u505a\u5355\u6760\nvi. \u4f5c\u5f15\u4f53\u5411\u4e0a, \u804a\u5929"}}, {"model": "word_list.word", "pk": 127, "fields": {"created": "2020-06-27T06:52:43.849Z", "modified": "2020-06-27T06:52:43.857Z", "content": "cliffs", "translate": "n. \u60ac\u5d16, \u5ced\u58c1"}}, {"model": "word_list.word", "pk": 128, "fields": {"created": "2020-06-27T06:52:43.849Z", "modified": "2020-06-27T06:52:43.857Z", "content": "conference", "translate": "n. \u4f1a\u8bae"}}, {"model": "word_list.word", "pk": 129, "fields": {"created": "2020-06-27T06:52:43.849Z", "modified": "2020-06-27T06:52:43.857Z", "content": "companion", "translate": "n. \u540c\u4f34, \u540c\u4e8b, \u6210\u5bf9\u7269\u54c1\u4e4b\u4e00, (\u8239\u7684)\u7532\u677f\u95f4\u6276\u68af(\u6216\u6276\u68af\u7684\u9876\u7bf7)\nvt. &vi. \u966a\u4f34"}}, {"model": "word_list.word", "pk": 130, "fields": {"created": "2020-06-27T06:52:43.849Z", "modified": "2020-06-27T06:52:43.857Z", "content": "congestion", "translate": "n. \u6df7\u6742,\u62e5\u6324,\u8fc7\u5269\n[\u8ba1\u7b97\u673a] \u62e5\u6324"}}, {"model": "word_list.word", "pk": 131, "fields": {"created": "2020-06-27T06:52:43.849Z", "modified": "2020-06-27T06:52:43.857Z", "content": "conqueror", "translate": "n. \u5f81\u670d\u8005, \u80dc\u5229\u8005"}}, {"model": "word_list.word", "pk": 132, "fields": {"created": "2020-06-27T06:52:43.849Z", "modified": "2020-06-27T06:52:43.857Z", "content": "contamination", "translate": "n. \u6c61\u67d3,\u6c61\u67d3\u7269"}}, {"model": "word_list.word", "pk": 133, "fields": {"created": "2020-06-27T06:52:43.849Z", "modified": "2020-06-27T06:52:43.857Z", "content": "contaminants", "translate": "n. \u6742\u8d28(\u6c61\u67d3\u7269\u8d28,\u6cbe\u67d3\u7269)"}}, {"model": "word_list.word", "pk": 135, "fields": {"created": "2020-06-27T06:52:43.849Z", "modified": "2020-06-27T06:52:43.857Z", "content": "cutlery", "translate": "n. \u5200\u5177\uff0c\u5200\u5177\u4e1a"}}, {"model": "word_list.word", "pk": 136, "fields": {"created": "2020-06-27T06:52:43.849Z", "modified": "2020-06-27T06:52:43.857Z", "content": "cot", "translate": "n. \u5c0f\u5c4b, \u5c0f\u540a\u5e8a\uff0c\u9798\uff0c\u62a4\u5957\nn. [\u82f1]\u5e7c\u513f\u5e8a\nabbr.(=cotangent) [\u6570\u5b66]\u4f59\u5207"}}, {"model": "word_list.word", "pk": 138, "fields": {"created": "2020-06-27T09:40:30.899Z", "modified": "2020-06-27T09:40:31.262Z", "content": "assess", "translate": "v. \u4f30\u5b9a, \u8bc4\u5b9a"}}, {"model": "word_list.word", "pk": 139, "fields": {"created": "2020-06-27T09:41:08.432Z", "modified": "2020-06-27T09:41:08.812Z", "content": "significant", "translate": "adj. \u6709\u610f\u4e49\u7684, \u610f\u5473\u6df1\u957f\u7684; \u76f8\u5f53\u6570\u91cf\u7684; \u91cd\u8981\u7684, \u91cd\u5927\u7684\nn. (\u590d)\u6709\u610f\u4e49\u7684\u4e8b\u7269; \u6807\u5fd7"}}, {"model": "word_list.word", "pk": 140, "fields": {"created": "2020-06-27T09:41:20.048Z", "modified": "2020-06-27T09:41:20.425Z", "content": "vary", "translate": "vt. \u6539\u53d8,\u4f7f\u591a\u6837\u5316\nvi. \u53d8\u5316,\u8fdd\u80cc"}}, {"model": "word_list.word", "pk": 141, "fields": {"created": "2020-06-27T09:41:35.506Z", "modified": "2020-06-27T09:41:35.882Z", "content": "perceive", "translate": "v. \u5bdf\u89c9, \u611f\u89c9, \u8ba4\u77e5, \u7406\u89e3"}}, {"model": "word_list.word", "pk": 142, "fields": {"created": "2020-06-27T09:41:53.704Z", "modified": "2020-06-27T09:41:54.514Z", "content": "regulate", "translate": "v. \u6709\u7cfb\u7edf\u7684\u7ba1\u7406,\u89c4\u5b9a,\u8c03\u8282"}}, {"model": "word_list.word", "pk": 143, "fields": {"created": "2020-06-27T09:42:12.169Z", "modified": "2020-06-27T09:42:12.516Z", "content": "commssion", "translate": "\u5355\u8bcd\u4e0d\u6b63\u786e\u6216\u8005\u624b\u52a8\u66f4\u65b0\u91ca\u4e49\uff01"}}, {"model": "word_list.word", "pk": 144, "fields": {"created": "2020-06-27T09:42:44.005Z", "modified": "2020-06-27T09:42:44.439Z", "content": "liberal", "translate": "n. \u81ea\u7531\u4e3b\u4e49\u8005, \u5bbd\u5bb9\u5927\u5ea6\u7684\u4eba, (Liberal)\u81ea\u7531\u515a\u4eba\nadj. \u65e0\u504f\u89c1\u7684, \u6177\u6168\u7684, \u4e0d\u62d8\u6ce5\u7684, \u5bbd\u5927\u7684, \u5f00\u660e\u7684"}}, {"model": "word_list.word", "pk": 145, "fields": {"created": "2020-06-27T09:43:02.612Z", "modified": "2020-06-27T09:43:03.788Z", "content": "compound", "translate": "n. \u6df7\u5408\u7269,\u590d\u5408\u8bcd\nadj. \u590d(\u6df7)\u5408\u7684,\u5408\u6210\u7684\nvt. \u6df7\u5408,\u8c03\u5408,\u59a5\u534f\nvi. \u6df7\u5408,\u59a5\u534f"}}, {"model": "word_list.word", "pk": 146, "fields": {"created": "2020-06-27T09:43:25.286Z", "modified": "2020-06-27T09:43:25.649Z", "content": "facilitate", "translate": "vt. \u5e2e\u52a9, \u4f7f...\u5bb9\u6613, \u4fc3\u8fdb"}}, {"model": "word_list.word", "pk": 147, "fields": {"created": "2020-06-27T09:43:41.430Z", "modified": "2020-06-27T09:43:41.776Z", "content": "discrete", "translate": "adj. \u4e0d\u8fde\u7eed\u7684 \u79bb\u6563\u7684\n[\u8ba1\u7b97\u673a] \u5206\u79bb \u79bb\u6563"}}, {"model": "word_list.word", "pk": 148, "fields": {"created": "2020-06-27T09:43:51.261Z", "modified": "2020-06-27T09:43:51.657Z", "content": "amend", "translate": "vt. \u4fee\u6b63,\u6539\u5584,\u6539\u826f\nvi. \u81ea\u6211\u4fee\u6b63"}}, {"model": "word_list.word", "pk": 149, "fields": {"created": "2020-06-27T09:44:08.029Z", "modified": "2020-06-27T09:44:08.412Z", "content": "sustain", "translate": "vt. \u627f\u53d7, \u652f\u6301, \u7ecf\u53d7, \u7ef4\u6301"}}, {"model": "word_list.word", "pk": 150, "fields": {"created": "2020-06-27T09:44:39.032Z", "modified": "2020-06-27T09:44:39.886Z", "content": "implicate", "translate": "vt. \u7ea0\u7f20(\u4f7f...\u7ed5\u4f4f, \u6697\u793a)\nn. \u5305\u542b\u7684\u4e1c\u897f(\u6697\u6307\u7684\u4e1c\u897f)"}}, {"model": "word_list.word", "pk": 151, "fields": {"created": "2020-06-27T09:59:40.276Z", "modified": "2020-06-27T09:59:40.751Z", "content": "incidence", "translate": "n. \u53d1\u751f(\u7387),\u5165\u5c04"}}, {"model": "word_list.word", "pk": 152, "fields": {"created": "2020-06-27T10:00:08.785Z", "modified": "2020-06-27T10:00:09.610Z", "content": "incorporate", "translate": "vt.\u7ec4\u6210\u516c\u53f8\uff1b \u5305\u542b\uff1b \u4f7f\u6df7\u5408\uff1b \u4f7f\u5177\u4f53\u5316\nvi.\u5305\u542b\uff1b \u5438\u6536\uff1b \u5408\u5e76\uff1b \u6df7\u5408"}}, {"model": "word_list.word", "pk": 153, "fields": {"created": "2020-06-27T10:00:27.512Z", "modified": "2020-06-27T10:00:27.932Z", "content": "acknowledge", "translate": "vt. \u627f\u8ba4,\u516c\u8ba4,\u544a\u77e5\u6536\u5230,\u8868\u793a\u611f\u8c22,\u6ce8\u610f\u5230"}}, {"model": "word_list.word", "pk": 154, "fields": {"created": "2020-06-27T10:00:56.730Z", "modified": "2020-06-27T10:00:57.156Z", "content": "aggregate", "translate": "n. \u5408\u8ba1, \u603b\u8ba1, \u96c6\u5408\u4f53\nadj. \u5408\u8ba1\u7684, \u96c6\u5408\u7684, \u805a\u5408\u7684\nv. \u805a\u96c6, \u96c6\u5408, \u5408\u8ba1"}}, {"model": "word_list.word", "pk": 155, "fields": {"created": "2020-06-27T10:01:13.315Z", "modified": "2020-06-27T10:01:13.736Z", "content": "subsidy", "translate": "n. \u8865\u52a9\u91d1, \u6d25\u8d34"}}, {"model": "word_list.word", "pk": 156, "fields": {"created": "2020-06-27T10:01:37.998Z", "modified": "2020-06-27T10:01:38.400Z", "content": "inititate", "translate": "\u5355\u8bcd\u4e0d\u6b63\u786e\u6216\u8005\u624b\u52a8\u66f4\u65b0\u91ca\u4e49\uff01"}}, {"model": "word_list.word", "pk": 157, "fields": {"created": "2020-06-27T10:01:56.161Z", "modified": "2020-06-27T10:01:56.533Z", "content": "nevertheless", "translate": "adv. \u4ecd\u7136, \u4e0d\u8fc7\nconj. \u7136\u800c, \u4e0d\u8fc7"}}, {"model": "word_list.word", "pk": 158, "fields": {"created": "2020-06-27T10:02:10.784Z", "modified": "2020-06-27T10:02:11.125Z", "content": "precede", "translate": "vt. &vi. \u5728...\u4e4b\u524d,\u4f18\u4e8e,\u8f83...\u4f18\u5148"}}, {"model": "word_list.word", "pk": 159, "fields": {"created": "2020-06-27T10:02:48.599Z", "modified": "2020-06-27T10:02:48.952Z", "content": "underlie", "translate": "v. \u4f4d\u4e8e...\u4e4b\u4e0b, \u6210\u4e3a...\u7684\u57fa\u7840"}}, {"model": "word_list.word", "pk": 160, "fields": {"created": "2020-06-27T10:03:17.311Z", "modified": "2020-06-27T10:03:17.761Z", "content": "estate", "translate": "n. \u8d22\u4ea7,\u623f\u5730\u4ea7,\u72b6\u6001,\u9057\u4ea7"}}, {"model": "word_list.word", "pk": 161, "fields": {"created": "2020-06-27T10:03:29.534Z", "modified": "2020-06-27T10:03:29.868Z", "content": "incentive", "translate": "adj. \u523a\u6fc0\u7684, \u9f13\u52b1\u7684\nn. \u523a\u6fc0, \u9f13\u52b1, \u52a8\u673a"}}, {"model": "word_list.word", "pk": 162, "fields": {"created": "2020-06-27T10:03:40.485Z", "modified": "2020-06-27T10:03:40.906Z", "content": "identical", "translate": "adj. \u76f8\u540c\u7684,\u540c\u4e00\u7684"}}, {"model": "word_list.word", "pk": 163, "fields": {"created": "2020-06-27T10:03:51.945Z", "modified": "2020-06-27T10:03:52.368Z", "content": "infer", "translate": "vt. \u63a8\u65ad,\u731c\u6d4b,\u6697\u793a\nvi. \u63a8\u8bba"}}, {"model": "word_list.word", "pk": 164, "fields": {"created": "2020-06-27T10:04:09.302Z", "modified": "2020-06-27T10:04:09.651Z", "content": "quote", "translate": "n. \u5f15\u7528\nv. \u5f15\u8ff0, \u4e3e\u8bc1, \u62a5\u4ef7"}}, {"model": "word_list.word", "pk": 165, "fields": {"created": "2020-06-27T10:04:27.400Z", "modified": "2020-06-27T10:04:27.777Z", "content": "differentiate", "translate": "vt. \u8bc6\u522b, \u4f7f\u5dee\u5f02, \u6c42\u5bfc\u6570, \u533a\u5206, \u533a\u522b\u5bf9\u5f85\nvi. \u533a\u522b,\u53d8\u5f02"}}, {"model": "word_list.word", "pk": 166, "fields": {"created": "2020-06-27T10:04:37.764Z", "modified": "2020-06-27T10:04:38.240Z", "content": "dispose", "translate": "vt. \u503e\u5411\u4e8e,\u5904\u7f6e\nvi. \u9500\u6bc1"}}, {"model": "word_list.word", "pk": 167, "fields": {"created": "2020-06-27T10:04:57.598Z", "modified": "2020-06-27T10:04:59.437Z", "content": "paradigm", "translate": "n. \u4f8b\u5b50,\u6a21\u8303,\u8bcd\u5f62\u53d8\u5316\u8868"}}, {"model": "word_list.word", "pk": 168, "fields": {"created": "2020-06-27T10:05:16.020Z", "modified": "2020-06-27T10:05:16.421Z", "content": "commdity", "translate": "\u5355\u8bcd\u4e0d\u6b63\u786e\u6216\u8005\u624b\u52a8\u66f4\u65b0\u91ca\u4e49\uff01"}}, {"model": "word_list.word", "pk": 169, "fields": {"created": "2020-06-27T10:05:43.497Z", "modified": "2020-06-27T10:05:43.955Z", "content": "parctitioner", "translate": "\u5355\u8bcd\u4e0d\u6b63\u786e\u6216\u8005\u624b\u52a8\u66f4\u65b0\u91ca\u4e49\uff01"}}, {"model": "word_list.word", "pk": 171, "fields": {"created": "2020-06-27T10:06:54.837Z", "modified": "2020-06-27T10:06:55.210Z", "content": "contemporary", "translate": "n. \u540c\u65f6\u4ee3\u7684\u4eba\uff1b\u540c\u65f6\u671f\u7684\u4e1c\u897f\nadj. \u5f53\u4ee3\u7684\uff1b\u540c\u65f6\u4ee3\u7684\uff1b\u5c5e\u4e8e\u540c\u4e00\u65f6\u671f\u7684"}}, {"model": "word_list.word", "pk": 172, "fields": {"created": "2020-06-27T10:07:13.365Z", "modified": "2020-06-27T10:07:15.234Z", "content": "predominant", "translate": "adj. \u4f18\u8d8a\u7684, \u5360\u4e3b\u5bfc\u5730\u4f4d\u7684"}}, {"model": "word_list.word", "pk": 173, "fields": {"created": "2020-06-27T10:07:27.478Z", "modified": "2020-06-27T10:07:27.787Z", "content": "denote", "translate": "vt. \u8c61\u5f81,\u8868\u793a"}}, {"model": "word_list.word", "pk": 174, "fields": {"created": "2020-06-27T10:07:54.689Z", "modified": "2020-06-27T10:07:55.059Z", "content": "implicit", "translate": "adj. \u6697\u793a\u7684,\u76f2\u4ece\u7684\n[\u8ba1\u7b97\u673a] \u9690\u5f0f"}}, {"model": "word_list.word", "pk": 175, "fields": {"created": "2020-06-27T10:09:34.903Z", "modified": "2020-06-27T10:09:35.388Z", "content": "complement", "translate": "n. \u8865\u8bed\uff1b\u4f59\u89d2\uff1b\u8865\u8db3\u7269\uff1b\u8865\u4f53\nvt. \u8865\u8db3\uff0c\u8865\u52a9"}}, {"model": "word_list.word", "pk": 176, "fields": {"created": "2020-06-27T10:10:05.539Z", "modified": "2020-06-27T10:10:05.944Z", "content": "inhibit", "translate": "vt. &vi. \u7981\u6b62,\u6291\u5236\n[\u8ba1\u7b97\u673a] \u7981\u6b62"}}, {"model": "word_list.word", "pk": 177, "fields": {"created": "2020-06-27T10:11:19.463Z", "modified": "2020-06-27T10:11:19.888Z", "content": "simulate", "translate": "v. \u5047\u88c5,\u5192\u5145,\u6a21\u4eff,\u6a21\u62df"}}, {"model": "word_list.word", "pk": 178, "fields": {"created": "2020-06-27T10:11:29.089Z", "modified": "2020-06-27T10:11:29.477Z", "content": "stimulate", "translate": "vt. \u523a\u6fc0,\u6fc0\u52b1,\u9f13\u821e\nvi. \u8d77\u523a\u6fc0\u4f5c\u7528"}}, {"model": "word_list.word", "pk": 179, "fields": {"created": "2020-06-27T10:12:00.857Z", "modified": "2020-06-27T10:12:01.290Z", "content": "thereby", "translate": "adv. \u56e0\u6b64,\u4ece\u800c"}}, {"model": "word_list.word", "pk": 180, "fields": {"created": "2020-06-27T10:12:23.011Z", "modified": "2020-06-27T10:12:23.382Z", "content": "restore", "translate": "vt. \u6062\u590d,\u5f52\u8fd8,\u7ffb\u65b0"}}, {"model": "word_list.word", "pk": 181, "fields": {"created": "2020-06-27T10:13:02.994Z", "modified": "2020-06-27T10:13:03.406Z", "content": "adequate", "translate": "adj. \u8db3\u591f\u7684, \u5145\u8db3\u7684, \u9002\u5f53\u7684, \u80fd\u80dc\u4efb\u7684"}}, {"model": "word_list.word", "pk": 182, "fields": {"created": "2020-06-27T10:13:23.618Z", "modified": "2020-06-27T10:13:25.073Z", "content": "statistic", "translate": "n. \u7edf\u8ba1\u6570\u503c"}}, {"model": "word_list.word", "pk": 183, "fields": {"created": "2020-06-27T10:15:38.066Z", "modified": "2020-06-27T10:15:41.612Z", "content": "administer", "translate": "vt. \u7ba1\u7406,\u6267\u884c,\u7ed9\u4e0e\nvi. \u6267\u884c\u7ba1\u7406\u4eba\u804c\u8d23,\u7ed9\u4e0e\u5e2e\u52a9"}}, {"model": "word_list.word", "pk": 184, "fields": {"created": "2020-06-27T10:16:09.505Z", "modified": "2020-06-27T10:16:09.850Z", "content": "transfer", "translate": "n. \u8fc1\u79fb, \u79fb\u52a8, \u6362\u8f66\nv. \u8f6c\u79fb, \u8c03\u8f6c, \u8c03\u4efb"}}, {"model": "word_list.word", "pk": 185, "fields": {"created": "2020-06-27T10:16:34.611Z", "modified": "2020-06-27T10:16:35.102Z", "content": "interact", "translate": "vi. \u76f8\u4e92\u4f5c\u7528,\u76f8\u4e92\u5f71\u54cd"}}, {"model": "word_list.word", "pk": 186, "fields": {"created": "2020-06-27T10:18:05.778Z", "modified": "2020-06-27T10:18:07.135Z", "content": "exponentially", "translate": "adj. \u6307\u6570\u7684\nn. \u6307\u6570"}}, {"model": "word_list.word", "pk": 187, "fields": {"created": "2020-06-27T10:18:31.035Z", "modified": "2020-06-27T10:18:31.469Z", "content": "spring up", "translate": "vi. \u8df3\u8d77(\u53d1\u751f,\u840c\u82bd,\u51fa\u73b0)"}}, {"model": "word_list.word", "pk": 188, "fields": {"created": "2020-06-27T10:18:52.305Z", "modified": "2020-06-27T10:18:52.754Z", "content": "pastime", "translate": "n. \u6d88\u9063,\u5a31\u4e50"}}, {"model": "word_list.word", "pk": 189, "fields": {"created": "2020-06-27T10:19:00.887Z", "modified": "2020-06-27T10:19:01.366Z", "content": "aspring", "translate": "\u5355\u8bcd\u4e0d\u6b63\u786e\u6216\u8005\u624b\u52a8\u66f4\u65b0\u91ca\u4e49\uff01"}}, {"model": "word_list.word", "pk": 190, "fields": {"created": "2020-06-27T10:19:17.223Z", "modified": "2020-06-27T10:19:17.602Z", "content": "numerous", "translate": "adj. \u4e3a\u6570\u4f17\u591a\u7684,\u8bb8\u591a"}}, {"model": "word_list.word", "pk": 191, "fields": {"created": "2020-06-27T10:19:35.048Z", "modified": "2020-06-27T10:19:35.424Z", "content": "competent", "translate": "adj. \u6709\u80fd\u529b\u7684,\u80dc\u4efb\u7684,\u8db3\u591f\u7684"}}, {"model": "word_list.word", "pk": 192, "fields": {"created": "2020-06-27T10:19:50.177Z", "modified": "2020-06-27T10:19:50.562Z", "content": "photocopy", "translate": "n. \u5f71\u5370\u672c\nv. \u5f71\u5370"}}, {"model": "word_list.word", "pk": 193, "fields": {"created": "2020-06-27T10:20:11.184Z", "modified": "2020-06-27T10:20:11.506Z", "content": "extension", "translate": "n. \u5ef6\u957f,\u6269\u5145,\u8303\u56f4,\u5206\u673a\u53f7\u7801"}}, {"model": "word_list.word", "pk": 194, "fields": {"created": "2020-06-27T10:20:22.376Z", "modified": "2020-06-27T10:20:22.835Z", "content": "compassionate", "translate": "adj. \u6709\u540c\u60c5\u5fc3\u7684\nvt. \u540c\u60c5"}}, {"model": "word_list.word", "pk": 195, "fields": {"created": "2020-06-27T10:20:33.062Z", "modified": "2020-06-27T10:20:33.464Z", "content": "due in", "translate": "\u5f85\u6536"}}, {"model": "word_list.word", "pk": 196, "fields": {"created": "2020-06-27T10:20:42.380Z", "modified": "2020-06-27T10:20:42.884Z", "content": "canyon", "translate": "n. \u5ce1\u8c37"}}, {"model": "word_list.word", "pk": 197, "fields": {"created": "2020-06-27T10:21:06.119Z", "modified": "2020-06-27T10:21:06.544Z", "content": "plight", "translate": "n. \u56f0\u5883,\u5883\u51b5,\u8a93\u7ea6,\u8270\u96be\nvt. \u5ba3\u8a93,\u4fdd\u8bc1,\u7ea6\u5b9a"}}, {"model": "word_list.word", "pk": 198, "fields": {"created": "2020-06-27T10:21:26.247Z", "modified": "2020-06-27T10:21:26.640Z", "content": "intrinstic", "translate": "\u5355\u8bcd\u4e0d\u6b63\u786e\u6216\u8005\u624b\u52a8\u66f4\u65b0\u91ca\u4e49\uff01"}}, {"model": "word_list.word", "pk": 199, "fields": {"created": "2020-06-27T10:21:33.272Z", "modified": "2020-06-27T10:21:33.653Z", "content": "harbor", "translate": "n. \u6d77\u6e2f,\u907f\u96be\u6240\nvt. \u5e87\u62a4,\u5fc3\u6000,\u7a9d\u85cf\nvi. \u8fdb\u5165\u907f\u7978\u6240,\u751f\u5b58"}}, {"model": "word_list.word", "pk": 200, "fields": {"created": "2020-06-27T10:21:39.199Z", "modified": "2020-06-27T10:21:39.577Z", "content": "damp", "translate": "n. \u6bd2\u6c14,\u6e7f\u6c14,\u4e27\u6c14\nadj. \u6f6e\u6e7f\u7684\nvt. \u545b,\u6291\u5236,\u4f7f\u6f6e\u6e7f\nvi. \u8870\u51cf"}}, {"model": "word_list.word", "pk": 201, "fields": {"created": "2020-06-27T10:21:52.832Z", "modified": "2020-06-27T10:21:53.176Z", "content": "continent", "translate": "n. \u5927\u9646, \u6d32, (the Continent)\u6b27\u6d32\u5927\u9646"}}, {"model": "word_list.word", "pk": 202, "fields": {"created": "2020-06-27T10:22:14.949Z", "modified": "2020-06-27T10:22:16.015Z", "content": "multifceted", "translate": "\u5355\u8bcd\u4e0d\u6b63\u786e\u6216\u8005\u624b\u52a8\u66f4\u65b0\u91ca\u4e49\uff01"}}, {"model": "word_list.word", "pk": 203, "fields": {"created": "2020-06-27T10:22:27.808Z", "modified": "2020-06-27T10:22:28.148Z", "content": "curriculum", "translate": "n. \u8bfe\u7a0b\uff0c\u5168\u90e8\u8bfe\u7a0b"}}, {"model": "word_list.word", "pk": 204, "fields": {"created": "2020-06-27T10:22:40.346Z", "modified": "2020-06-27T10:22:40.717Z", "content": "formal", "translate": "adj. \u6b63\u5f0f\u7684,\u5f62\u5f0f\u7684,\u793c\u8282\u4e0a\u7684,\u62d8\u8c28\u7684\nn. \u6b63\u5f0f(\u6d3b\u52a8)"}}, {"model": "word_list.word", "pk": 205, "fields": {"created": "2020-06-27T10:22:50.370Z", "modified": "2020-06-27T10:22:50.774Z", "content": "heritage", "translate": "n. \u9057\u4ea7, \u7ee7\u627f\u7269"}}, {"model": "word_list.word", "pk": 206, "fields": {"created": "2020-06-27T10:23:18.479Z", "modified": "2020-06-27T10:23:18.861Z", "content": "averse", "translate": "adj. \u538c\u6076\u7684, \u53cd\u5bf9\u7684"}}, {"model": "word_list.word", "pk": 207, "fields": {"created": "2020-06-27T10:23:28.290Z", "modified": "2020-06-27T10:23:28.695Z", "content": "altos", "translate": "n. \u7537\u6700\u9ad8\u97f3, \u5973\u6700\u4f4e\u97f3\uff0c\u4e2d\u97f3\u90e8\uff0c\u4e2d\u97f3\u4e50\u5668\nadj. \u4e2d\u97f3\u90e8\u7684"}}, {"model": "word_list.word", "pk": 208, "fields": {"created": "2020-06-27T10:23:35.916Z", "modified": "2020-06-27T10:23:36.318Z", "content": "bacon", "translate": "n. \u54b8\u8089,\u718f\u8089"}}, {"model": "word_list.word", "pk": 209, "fields": {"created": "2020-06-27T10:23:49.294Z", "modified": "2020-06-27T10:23:50.007Z", "content": "resemble", "translate": "v. \u76f8\u4f3c, \u7c7b\u4f3c, \u50cf"}}, {"model": "word_list.word", "pk": 210, "fields": {"created": "2020-06-27T10:25:22.008Z", "modified": "2020-06-27T10:25:22.373Z", "content": "deteriorate", "translate": "vt. (\u4f7f)\u6076\u5316\nvi. (\u4f7f)\u6076\u5316, \u74e6\u89e3, \u8870\u9000"}}, {"model": "word_list.word", "pk": 211, "fields": {"created": "2020-06-27T10:25:51.380Z", "modified": "2020-06-27T10:25:51.743Z", "content": "origin", "translate": "n. \u8d77\u6e90,\u51fa\u8eab,\u5f00\u7aef"}}, {"model": "word_list.word", "pk": 212, "fields": {"created": "2020-06-27T10:26:29.697Z", "modified": "2020-06-27T10:26:30.153Z", "content": "plausible", "translate": "adj. \u4f3c\u771f\u5b9e\u7684,\u4f3c\u5408\u7406\u7684,\u8bf4\u5f97\u86ee\u50cf\u56de\u4e8b\u7684"}}, {"model": "word_list.userword", "pk": 1, "fields": {"created": "2020-06-27T08:12:09.233Z", "modified": "2020-06-27T08:12:09.236Z", "word": 34, "list": 7}}, {"model": "word_list.userword", "pk": 2, "fields": {"created": "2020-06-27T08:12:28.926Z", "modified": "2020-06-27T08:12:28.930Z", "word": 59, "list": 7}}, {"model": "word_list.userword", "pk": 3, "fields": {"created": "2020-06-27T08:27:41.750Z", "modified": "2020-06-27T08:27:41.753Z", "word": 44, "list": 7}}, {"model": "word_list.userword", "pk": 4, "fields": {"created": "2020-06-27T08:27:49.245Z", "modified": "2020-06-27T08:27:49.249Z", "word": 84, "list": 7}}, {"model": "word_list.userword", "pk": 5, "fields": {"created": "2020-06-27T09:40:34.429Z", "modified": "2020-06-27T09:40:34.432Z", "word": 138, "list": 8}}, {"model": "word_list.userword", "pk": 6, "fields": {"created": "2020-06-27T09:41:11.045Z", "modified": "2020-06-27T09:41:11.047Z", "word": 139, "list": 8}}, {"model": "word_list.userword", "pk": 7, "fields": {"created": "2020-06-27T09:41:22.085Z", "modified": "2020-06-27T09:41:22.088Z", "word": 140, "list": 8}}, {"model": "word_list.userword", "pk": 8, "fields": {"created": "2020-06-27T09:41:40.486Z", "modified": "2020-06-27T09:41:40.489Z", "word": 141, "list": 8}}, {"model": "word_list.userword", "pk": 9, "fields": {"created": "2020-06-27T09:41:56.398Z", "modified": "2020-06-27T09:41:56.401Z", "word": 142, "list": 8}}, {"model": "word_list.userword", "pk": 10, "fields": {"created": "2020-06-27T09:42:15.409Z", "modified": "2020-06-27T09:42:15.412Z", "word": 143, "list": 8}}, {"model": "word_list.userword", "pk": 11, "fields": {"created": "2020-06-27T09:42:46.387Z", "modified": "2020-06-27T09:42:46.390Z", "word": 144, "list": 8}}, {"model": "word_list.userword", "pk": 12, "fields": {"created": "2020-06-27T09:43:05.927Z", "modified": "2020-06-27T09:43:05.931Z", "word": 145, "list": 8}}, {"model": "word_list.userword", "pk": 13, "fields": {"created": "2020-06-27T09:43:27.646Z", "modified": "2020-06-27T09:43:27.649Z", "word": 146, "list": 8}}, {"model": "word_list.userword", "pk": 14, "fields": {"created": "2020-06-27T09:43:43.265Z", "modified": "2020-06-27T09:43:43.269Z", "word": 147, "list": 8}}, {"model": "word_list.userword", "pk": 15, "fields": {"created": "2020-06-27T09:43:53.254Z", "modified": "2020-06-27T09:43:53.257Z", "word": 148, "list": 8}}, {"model": "word_list.userword", "pk": 16, "fields": {"created": "2020-06-27T09:44:10.120Z", "modified": "2020-06-27T09:44:10.123Z", "word": 149, "list": 8}}, {"model": "word_list.userword", "pk": 17, "fields": {"created": "2020-06-27T09:44:41.747Z", "modified": "2020-06-27T09:44:41.750Z", "word": 150, "list": 8}}, {"model": "word_list.userword", "pk": 18, "fields": {"created": "2020-06-27T09:59:43.715Z", "modified": "2020-06-27T09:59:43.718Z", "word": 151, "list": 9}}, {"model": "word_list.userword", "pk": 19, "fields": {"created": "2020-06-27T10:00:11.716Z", "modified": "2020-06-27T10:00:11.719Z", "word": 152, "list": 9}}, {"model": "word_list.userword", "pk": 20, "fields": {"created": "2020-06-27T10:00:29.501Z", "modified": "2020-06-27T10:00:29.504Z", "word": 153, "list": 9}}, {"model": "word_list.userword", "pk": 21, "fields": {"created": "2020-06-27T10:00:58.929Z", "modified": "2020-06-27T10:00:58.934Z", "word": 154, "list": 9}}, {"model": "word_list.userword", "pk": 22, "fields": {"created": "2020-06-27T10:01:18.395Z", "modified": "2020-06-27T10:01:18.398Z", "word": 155, "list": 9}}, {"model": "word_list.userword", "pk": 23, "fields": {"created": "2020-06-27T10:01:40.753Z", "modified": "2020-06-27T10:01:40.755Z", "word": 156, "list": 9}}, {"model": "word_list.userword", "pk": 24, "fields": {"created": "2020-06-27T10:01:58.225Z", "modified": "2020-06-27T10:01:58.228Z", "word": 157, "list": 9}}, {"model": "word_list.userword", "pk": 25, "fields": {"created": "2020-06-27T10:02:12.690Z", "modified": "2020-06-27T10:02:12.693Z", "word": 158, "list": 9}}, {"model": "word_list.userword", "pk": 26, "fields": {"created": "2020-06-27T10:02:50.651Z", "modified": "2020-06-27T10:03:19.039Z", "word": 160, "list": 9}}, {"model": "word_list.userword", "pk": 27, "fields": {"created": "2020-06-27T10:03:31.474Z", "modified": "2020-06-27T10:03:31.477Z", "word": 161, "list": 9}}, {"model": "word_list.userword", "pk": 28, "fields": {"created": "2020-06-27T10:03:42.517Z", "modified": "2020-06-27T10:03:42.520Z", "word": 162, "list": 9}}, {"model": "word_list.userword", "pk": 29, "fields": {"created": "2020-06-27T10:03:54.115Z", "modified": "2020-06-27T10:03:54.118Z", "word": 163, "list": 9}}, {"model": "word_list.userword", "pk": 30, "fields": {"created": "2020-06-27T10:04:10.945Z", "modified": "2020-06-27T10:04:10.948Z", "word": 164, "list": 9}}, {"model": "word_list.userword", "pk": 31, "fields": {"created": "2020-06-27T10:04:28.880Z", "modified": "2020-06-27T10:04:28.882Z", "word": 165, "list": 9}}, {"model": "word_list.userword", "pk": 32, "fields": {"created": "2020-06-27T10:04:39.402Z", "modified": "2020-06-27T10:04:39.405Z", "word": 166, "list": 9}}, {"model": "word_list.userword", "pk": 33, "fields": {"created": "2020-06-27T10:05:01.355Z", "modified": "2020-06-27T10:05:01.358Z", "word": 167, "list": 9}}, {"model": "word_list.userword", "pk": 34, "fields": {"created": "2020-06-27T10:05:19.053Z", "modified": "2020-06-27T10:05:19.055Z", "word": 168, "list": 9}}, {"model": "word_list.userword", "pk": 35, "fields": {"created": "2020-06-27T10:05:46.064Z", "modified": "2020-06-27T10:05:46.067Z", "word": 169, "list": 9}}, {"model": "word_list.userword", "pk": 37, "fields": {"created": "2020-06-27T10:06:56.869Z", "modified": "2020-06-27T10:06:56.871Z", "word": 171, "list": 9}}, {"model": "word_list.userword", "pk": 38, "fields": {"created": "2020-06-27T10:07:17.024Z", "modified": "2020-06-27T10:07:17.027Z", "word": 172, "list": 9}}, {"model": "word_list.userword", "pk": 39, "fields": {"created": "2020-06-27T10:07:33.059Z", "modified": "2020-06-27T10:07:33.062Z", "word": 173, "list": 9}}, {"model": "word_list.userword", "pk": 40, "fields": {"created": "2020-06-27T10:07:59.081Z", "modified": "2020-06-27T10:07:59.083Z", "word": 174, "list": 9}}, {"model": "word_list.userword", "pk": 41, "fields": {"created": "2020-06-27T10:09:36.653Z", "modified": "2020-06-27T10:09:36.656Z", "word": 175, "list": 9}}, {"model": "word_list.userword", "pk": 42, "fields": {"created": "2020-06-27T10:10:06.874Z", "modified": "2020-06-27T10:10:06.876Z", "word": 176, "list": 9}}, {"model": "word_list.userword", "pk": 43, "fields": {"created": "2020-06-27T10:10:44.931Z", "modified": "2020-06-27T10:10:44.934Z", "word": 166, "list": 9}}, {"model": "word_list.userword", "pk": 44, "fields": {"created": "2020-06-27T10:11:21.892Z", "modified": "2020-06-27T10:11:21.895Z", "word": 177, "list": 9}}, {"model": "word_list.userword", "pk": 45, "fields": {"created": "2020-06-27T10:11:30.837Z", "modified": "2020-06-27T10:11:30.839Z", "word": 178, "list": 9}}, {"model": "word_list.userword", "pk": 46, "fields": {"created": "2020-06-27T10:12:02.456Z", "modified": "2020-06-27T10:12:02.458Z", "word": 179, "list": 9}}, {"model": "word_list.userword", "pk": 47, "fields": {"created": "2020-06-27T10:12:24.622Z", "modified": "2020-06-27T10:12:24.625Z", "word": 180, "list": 9}}, {"model": "word_list.userword", "pk": 48, "fields": {"created": "2020-06-27T10:13:04.870Z", "modified": "2020-06-27T10:13:04.873Z", "word": 181, "list": 8}}, {"model": "word_list.userword", "pk": 49, "fields": {"created": "2020-06-27T10:13:26.632Z", "modified": "2020-06-27T10:13:26.635Z", "word": 182, "list": 8}}, {"model": "word_list.userword", "pk": 50, "fields": {"created": "2020-06-27T10:14:08.385Z", "modified": "2020-06-27T10:14:08.389Z", "word": 138, "list": 8}}, {"model": "word_list.userword", "pk": 51, "fields": {"created": "2020-06-27T10:14:14.598Z", "modified": "2020-06-27T10:14:14.601Z", "word": 139, "list": 8}}, {"model": "word_list.userword", "pk": 52, "fields": {"created": "2020-06-27T10:14:23.934Z", "modified": "2020-06-27T10:14:23.937Z", "word": 140, "list": 8}}, {"model": "word_list.userword", "pk": 53, "fields": {"created": "2020-06-27T10:14:30.818Z", "modified": "2020-06-27T10:14:30.820Z", "word": 141, "list": 8}}, {"model": "word_list.userword", "pk": 54, "fields": {"created": "2020-06-27T10:15:14.881Z", "modified": "2020-06-27T10:15:14.884Z", "word": 142, "list": 8}}, {"model": "word_list.userword", "pk": 55, "fields": {"created": "2020-06-27T10:15:23.710Z", "modified": "2020-06-27T10:15:23.712Z", "word": 143, "list": 8}}, {"model": "word_list.userword", "pk": 56, "fields": {"created": "2020-06-27T10:15:51.023Z", "modified": "2020-06-27T10:15:51.025Z", "word": 183, "list": 8}}, {"model": "word_list.userword", "pk": 57, "fields": {"created": "2020-06-27T10:16:11.396Z", "modified": "2020-06-27T10:16:11.398Z", "word": 184, "list": 8}}, {"model": "word_list.userword", "pk": 58, "fields": {"created": "2020-06-27T10:16:36.265Z", "modified": "2020-06-27T10:16:36.268Z", "word": 185, "list": 8}}, {"model": "word_list.userword", "pk": 59, "fields": {"created": "2020-06-27T10:18:12.951Z", "modified": "2020-06-27T10:18:12.954Z", "word": 186, "list": 10}}, {"model": "word_list.userword", "pk": 60, "fields": {"created": "2020-06-27T10:18:33.070Z", "modified": "2020-06-27T10:18:33.074Z", "word": 187, "list": 10}}, {"model": "word_list.userword", "pk": 61, "fields": {"created": "2020-06-27T10:18:43.936Z", "modified": "2020-06-27T10:18:43.939Z", "word": 187, "list": 10}}, {"model": "word_list.userword", "pk": 62, "fields": {"created": "2020-06-27T10:18:54.392Z", "modified": "2020-06-27T10:18:54.395Z", "word": 188, "list": 10}}, {"model": "word_list.userword", "pk": 63, "fields": {"created": "2020-06-27T10:19:02.852Z", "modified": "2020-06-27T10:19:02.855Z", "word": 189, "list": 10}}, {"model": "word_list.userword", "pk": 64, "fields": {"created": "2020-06-27T10:19:18.731Z", "modified": "2020-06-27T10:19:18.734Z", "word": 190, "list": 10}}, {"model": "word_list.userword", "pk": 65, "fields": {"created": "2020-06-27T10:19:37.158Z", "modified": "2020-06-27T10:19:37.161Z", "word": 191, "list": 10}}, {"model": "word_list.userword", "pk": 66, "fields": {"created": "2020-06-27T10:19:53.562Z", "modified": "2020-06-27T10:19:53.565Z", "word": 192, "list": 10}}, {"model": "word_list.userword", "pk": 67, "fields": {"created": "2020-06-27T10:20:13.248Z", "modified": "2020-06-27T10:20:13.251Z", "word": 193, "list": 10}}, {"model": "word_list.userword", "pk": 68, "fields": {"created": "2020-06-27T10:20:24.449Z", "modified": "2020-06-27T10:20:24.451Z", "word": 194, "list": 10}}, {"model": "word_list.userword", "pk": 69, "fields": {"created": "2020-06-27T10:20:35.285Z", "modified": "2020-06-27T10:20:35.288Z", "word": 195, "list": 10}}, {"model": "word_list.userword", "pk": 70, "fields": {"created": "2020-06-27T10:20:58.679Z", "modified": "2020-06-27T10:20:58.682Z", "word": 196, "list": 10}}, {"model": "word_list.userword", "pk": 71, "fields": {"created": "2020-06-27T10:21:07.937Z", "modified": "2020-06-27T10:21:07.939Z", "word": 197, "list": 10}}, {"model": "word_list.userword", "pk": 72, "fields": {"created": "2020-06-27T10:21:28.467Z", "modified": "2020-06-27T10:21:28.470Z", "word": 198, "list": 10}}, {"model": "word_list.userword", "pk": 73, "fields": {"created": "2020-06-27T10:21:34.630Z", "modified": "2020-06-27T10:21:34.633Z", "word": 199, "list": 10}}, {"model": "word_list.userword", "pk": 74, "fields": {"created": "2020-06-27T10:21:40.940Z", "modified": "2020-06-27T10:21:40.945Z", "word": 200, "list": 10}}, {"model": "word_list.userword", "pk": 75, "fields": {"created": "2020-06-27T10:21:54.723Z", "modified": "2020-06-27T10:21:54.725Z", "word": 201, "list": 10}}, {"model": "word_list.userword", "pk": 76, "fields": {"created": "2020-06-27T10:22:18.664Z", "modified": "2020-06-27T10:22:18.667Z", "word": 202, "list": 10}}, {"model": "word_list.userword", "pk": 77, "fields": {"created": "2020-06-27T10:22:28.901Z", "modified": "2020-06-27T10:22:28.904Z", "word": 203, "list": 10}}, {"model": "word_list.userword", "pk": 78, "fields": {"created": "2020-06-27T10:22:42.107Z", "modified": "2020-06-27T10:22:42.110Z", "word": 204, "list": 10}}, {"model": "word_list.userword", "pk": 79, "fields": {"created": "2020-06-27T10:22:52.069Z", "modified": "2020-06-27T10:22:52.071Z", "word": 205, "list": 10}}, {"model": "word_list.userword", "pk": 80, "fields": {"created": "2020-06-27T10:23:20.967Z", "modified": "2020-06-27T10:23:20.969Z", "word": 206, "list": 10}}, {"model": "word_list.userword", "pk": 81, "fields": {"created": "2020-06-27T10:23:30.792Z", "modified": "2020-06-27T10:23:30.795Z", "word": 207, "list": 10}}, {"model": "word_list.userword", "pk": 82, "fields": {"created": "2020-06-27T10:23:36.939Z", "modified": "2020-06-27T10:23:36.941Z", "word": 208, "list": 10}}, {"model": "word_list.userword", "pk": 83, "fields": {"created": "2020-06-27T10:23:51.603Z", "modified": "2020-06-27T10:23:51.606Z", "word": 209, "list": 10}}, {"model": "word_list.userword", "pk": 84, "fields": {"created": "2020-06-27T10:24:03.802Z", "modified": "2020-06-27T10:24:03.805Z", "word": 19, "list": 10}}, {"model": "word_list.userword", "pk": 85, "fields": {"created": "2020-06-27T10:24:16.460Z", "modified": "2020-06-27T10:24:16.463Z", "word": 20, "list": 10}}, {"model": "word_list.userword", "pk": 86, "fields": {"created": "2020-06-27T10:24:36.383Z", "modified": "2020-06-27T10:24:36.386Z", "word": 21, "list": 10}}, {"model": "word_list.userword", "pk": 87, "fields": {"created": "2020-06-27T10:24:44.176Z", "modified": "2020-06-27T10:24:44.179Z", "word": 22, "list": 10}}, {"model": "word_list.userword", "pk": 88, "fields": {"created": "2020-06-27T10:24:50.562Z", "modified": "2020-06-27T10:24:50.565Z", "word": 23, "list": 10}}, {"model": "word_list.userword", "pk": 89, "fields": {"created": "2020-06-27T10:24:56.080Z", "modified": "2020-06-27T10:24:56.083Z", "word": 29, "list": 10}}, {"model": "word_list.userword", "pk": 90, "fields": {"created": "2020-06-27T10:25:02.655Z", "modified": "2020-06-27T10:25:02.658Z", "word": 26, "list": 10}}, {"model": "word_list.userword", "pk": 91, "fields": {"created": "2020-06-27T10:25:23.646Z", "modified": "2020-06-27T10:25:23.649Z", "word": 210, "list": 10}}, {"model": "word_list.userword", "pk": 92, "fields": {"created": "2020-06-27T10:25:31.425Z", "modified": "2020-06-27T10:25:31.428Z", "word": 24, "list": 10}}, {"model": "word_list.userword", "pk": 93, "fields": {"created": "2020-06-27T10:25:37.375Z", "modified": "2020-06-27T10:25:37.377Z", "word": 27, "list": 10}}, {"model": "word_list.userword", "pk": 94, "fields": {"created": "2020-06-27T10:25:53.428Z", "modified": "2020-06-27T10:25:53.431Z", "word": 211, "list": 10}}, {"model": "word_list.userword", "pk": 95, "fields": {"created": "2020-06-27T10:26:01.786Z", "modified": "2020-06-27T10:26:01.789Z", "word": 25, "list": 10}}, {"model": "word_list.userword", "pk": 96, "fields": {"created": "2020-06-27T10:26:06.059Z", "modified": "2020-06-27T10:26:06.062Z", "word": 27, "list": 10}}, {"model": "word_list.userword", "pk": 97, "fields": {"created": "2020-06-27T10:26:11.714Z", "modified": "2020-06-27T10:26:11.718Z", "word": 28, "list": 10}}, {"model": "word_list.userword", "pk": 98, "fields": {"created": "2020-06-27T10:26:34.401Z", "modified": "2020-06-27T10:27:21.408Z", "word": 34, "list": 7}}, {"model": "word_list.userword", "pk": 99, "fields": {"created": "2020-06-27T10:27:25.747Z", "modified": "2020-06-27T10:27:25.749Z", "word": 35, "list": 7}}, {"model": "word_list.userword", "pk": 100, "fields": {"created": "2020-06-27T10:27:35.418Z", "modified": "2020-06-27T10:27:35.421Z", "word": 36, "list": 7}}, {"model": "word_list.userword", "pk": 101, "fields": {"created": "2020-06-27T10:27:41.877Z", "modified": "2020-06-27T10:27:41.879Z", "word": 37, "list": 7}}, {"model": "word_list.userword", "pk": 102, "fields": {"created": "2020-06-27T10:27:55.794Z", "modified": "2020-06-27T10:27:55.796Z", "word": 46, "list": 7}}, {"model": "word_list.userword", "pk": 103, "fields": {"created": "2020-06-27T10:28:01.273Z", "modified": "2020-06-27T10:28:01.276Z", "word": 47, "list": 7}}, {"model": "word_list.userword", "pk": 104, "fields": {"created": "2020-06-27T10:28:29.239Z", "modified": "2020-06-27T10:28:29.241Z", "word": 48, "list": 7}}, {"model": "word_list.userword", "pk": 105, "fields": {"created": "2020-06-27T10:28:34.562Z", "modified": "2020-06-27T10:28:34.565Z", "word": 49, "list": 7}}, {"model": "word_list.userword", "pk": 106, "fields": {"created": "2020-06-27T10:28:38.878Z", "modified": "2020-06-27T10:28:38.880Z", "word": 50, "list": 7}}, {"model": "word_list.userword", "pk": 107, "fields": {"created": "2020-06-27T10:28:43.142Z", "modified": "2020-06-27T10:28:43.145Z", "word": 38, "list": 7}}, {"model": "word_list.userword", "pk": 108, "fields": {"created": "2020-06-27T10:28:49.412Z", "modified": "2020-06-27T10:28:49.415Z", "word": 51, "list": 7}}, {"model": "word_list.userword", "pk": 109, "fields": {"created": "2020-06-27T10:28:54.327Z", "modified": "2020-06-27T10:28:54.329Z", "word": 52, "list": 7}}, {"model": "word_list.userword", "pk": 110, "fields": {"created": "2020-06-27T10:28:59.304Z", "modified": "2020-06-27T10:28:59.307Z", "word": 53, "list": 7}}, {"model": "word_list.userword", "pk": 111, "fields": {"created": "2020-06-27T10:29:03.839Z", "modified": "2020-06-27T10:29:03.842Z", "word": 54, "list": 7}}, {"model": "word_list.userword", "pk": 112, "fields": {"created": "2020-06-27T10:29:08.454Z", "modified": "2020-06-27T10:29:08.457Z", "word": 55, "list": 7}}, {"model": "word_list.userword", "pk": 113, "fields": {"created": "2020-06-27T10:29:14.563Z", "modified": "2020-06-27T10:29:14.566Z", "word": 39, "list": 7}}, {"model": "word_list.userword", "pk": 114, "fields": {"created": "2020-06-27T10:29:19.780Z", "modified": "2020-06-27T10:29:19.782Z", "word": 56, "list": 7}}, {"model": "word_list.userword", "pk": 115, "fields": {"created": "2020-06-27T10:29:24.493Z", "modified": "2020-06-27T10:29:24.496Z", "word": 40, "list": 7}}, {"model": "word_list.userword", "pk": 116, "fields": {"created": "2020-06-27T10:29:36.051Z", "modified": "2020-06-27T10:29:36.053Z", "word": 57, "list": 7}}, {"model": "word_list.userword", "pk": 117, "fields": {"created": "2020-06-27T10:29:41.401Z", "modified": "2020-06-27T10:29:41.403Z", "word": 58, "list": 7}}, {"model": "word_list.userword", "pk": 118, "fields": {"created": "2020-06-27T10:29:45.508Z", "modified": "2020-06-27T10:29:45.511Z", "word": 59, "list": 7}}, {"model": "word_list.userword", "pk": 119, "fields": {"created": "2020-06-27T10:29:49.840Z", "modified": "2020-06-27T10:29:49.843Z", "word": 60, "list": 7}}, {"model": "word_list.userword", "pk": 120, "fields": {"created": "2020-06-27T10:29:54.346Z", "modified": "2020-06-27T10:29:54.348Z", "word": 61, "list": 7}}, {"model": "word_list.userword", "pk": 121, "fields": {"created": "2020-06-27T10:30:01.253Z", "modified": "2020-06-27T10:30:01.256Z", "word": 62, "list": 7}}, {"model": "word_list.userword", "pk": 122, "fields": {"created": "2020-06-27T10:30:07.815Z", "modified": "2020-06-27T10:30:07.818Z", "word": 63, "list": 7}}, {"model": "word_list.userword", "pk": 123, "fields": {"created": "2020-06-27T10:30:12.882Z", "modified": "2020-06-27T10:30:12.884Z", "word": 64, "list": 7}}, {"model": "word_list.userword", "pk": 124, "fields": {"created": "2020-06-27T10:30:16.794Z", "modified": "2020-06-27T10:30:16.796Z", "word": 65, "list": 7}}, {"model": "word_list.userword", "pk": 125, "fields": {"created": "2020-06-27T10:30:22.602Z", "modified": "2020-06-27T10:30:22.604Z", "word": 66, "list": 7}}, {"model": "word_list.userword", "pk": 126, "fields": {"created": "2020-06-27T10:30:27.835Z", "modified": "2020-06-27T10:30:27.838Z", "word": 67, "list": 7}}, {"model": "word_list.userword", "pk": 127, "fields": {"created": "2020-06-27T10:30:32.114Z", "modified": "2020-06-27T10:30:32.118Z", "word": 68, "list": 7}}, {"model": "word_list.userword", "pk": 128, "fields": {"created": "2020-06-27T10:30:39.232Z", "modified": "2020-06-27T10:30:39.235Z", "word": 69, "list": 7}}, {"model": "word_list.userword", "pk": 129, "fields": {"created": "2020-06-27T10:30:43.803Z", "modified": "2020-06-27T10:30:43.806Z", "word": 41, "list": 7}}, {"model": "word_list.userword", "pk": 130, "fields": {"created": "2020-06-27T10:30:51.337Z", "modified": "2020-06-27T10:30:51.339Z", "word": 70, "list": 7}}, {"model": "word_list.userword", "pk": 131, "fields": {"created": "2020-06-27T10:30:56.503Z", "modified": "2020-06-27T10:30:56.506Z", "word": 71, "list": 7}}, {"model": "word_list.userword", "pk": 132, "fields": {"created": "2020-06-27T10:31:00.821Z", "modified": "2020-06-27T10:31:00.825Z", "word": 72, "list": 7}}, {"model": "word_list.userword", "pk": 133, "fields": {"created": "2020-06-27T10:31:08.102Z", "modified": "2020-06-27T10:31:08.104Z", "word": 73, "list": 7}}, {"model": "word_list.userword", "pk": 134, "fields": {"created": "2020-06-27T10:31:13.486Z", "modified": "2020-06-27T10:31:13.489Z", "word": 74, "list": 7}}, {"model": "word_list.userword", "pk": 135, "fields": {"created": "2020-06-27T10:31:18.248Z", "modified": "2020-06-27T10:31:18.251Z", "word": 75, "list": 7}}, {"model": "word_list.userword", "pk": 136, "fields": {"created": "2020-06-27T10:31:23.605Z", "modified": "2020-06-27T10:31:23.607Z", "word": 76, "list": 7}}, {"model": "word_list.userword", "pk": 137, "fields": {"created": "2020-06-27T10:31:27.543Z", "modified": "2020-06-27T10:31:27.545Z", "word": 77, "list": 7}}, {"model": "word_list.userword", "pk": 138, "fields": {"created": "2020-06-27T10:31:33.137Z", "modified": "2020-06-27T10:31:33.139Z", "word": 78, "list": 7}}, {"model": "word_list.userword", "pk": 139, "fields": {"created": "2020-06-27T10:31:38.184Z", "modified": "2020-06-27T10:31:38.187Z", "word": 79, "list": 7}}, {"model": "word_list.userword", "pk": 140, "fields": {"created": "2020-06-27T10:31:43.241Z", "modified": "2020-06-27T10:31:43.244Z", "word": 80, "list": 7}}, {"model": "word_list.userword", "pk": 141, "fields": {"created": "2020-06-27T10:31:49.995Z", "modified": "2020-06-27T10:31:49.998Z", "word": 81, "list": 7}}, {"model": "word_list.userword", "pk": 142, "fields": {"created": "2020-06-27T10:31:56.717Z", "modified": "2020-06-27T10:31:56.720Z", "word": 82, "list": 7}}, {"model": "word_list.userword", "pk": 143, "fields": {"created": "2020-06-27T10:32:03.070Z", "modified": "2020-06-27T10:32:03.073Z", "word": 83, "list": 7}}, {"model": "word_list.userword", "pk": 144, "fields": {"created": "2020-06-27T10:32:10.542Z", "modified": "2020-06-27T10:32:10.544Z", "word": 84, "list": 7}}, {"model": "word_list.userword", "pk": 145, "fields": {"created": "2020-06-27T10:32:14.844Z", "modified": "2020-06-27T10:32:14.847Z", "word": 85, "list": 7}}, {"model": "word_list.userword", "pk": 146, "fields": {"created": "2020-06-27T10:32:20.523Z", "modified": "2020-06-27T10:32:20.526Z", "word": 86, "list": 7}}, {"model": "word_list.userword", "pk": 147, "fields": {"created": "2020-06-27T10:32:25.528Z", "modified": "2020-06-27T10:32:25.531Z", "word": 87, "list": 7}}, {"model": "word_list.userword", "pk": 148, "fields": {"created": "2020-06-27T10:32:30.108Z", "modified": "2020-06-27T10:32:30.111Z", "word": 88, "list": 7}}, {"model": "word_list.userword", "pk": 149, "fields": {"created": "2020-06-27T10:32:34.206Z", "modified": "2020-06-27T10:32:34.208Z", "word": 89, "list": 7}}, {"model": "word_list.userword", "pk": 150, "fields": {"created": "2020-06-27T10:32:38.185Z", "modified": "2020-06-27T10:32:38.187Z", "word": 42, "list": 7}}, {"model": "word_list.userword", "pk": 151, "fields": {"created": "2020-06-27T10:32:43.758Z", "modified": "2020-06-27T10:32:43.761Z", "word": 90, "list": 7}}, {"model": "word_list.userword", "pk": 152, "fields": {"created": "2020-06-27T10:32:49.264Z", "modified": "2020-06-27T10:32:49.267Z", "word": 91, "list": 7}}, {"model": "word_list.userword", "pk": 153, "fields": {"created": "2020-06-27T10:32:53.939Z", "modified": "2020-06-27T10:32:53.942Z", "word": 43, "list": 7}}, {"model": "word_list.userword", "pk": 154, "fields": {"created": "2020-06-27T10:32:58.713Z", "modified": "2020-06-27T10:32:58.716Z", "word": 44, "list": 7}}, {"model": "word_list.userword", "pk": 155, "fields": {"created": "2020-06-27T10:33:07.151Z", "modified": "2020-06-27T10:33:07.153Z", "word": 45, "list": 7}}, {"model": "word_list.userword", "pk": 156, "fields": {"created": "2020-06-27T10:33:11.679Z", "modified": "2020-06-27T10:33:11.681Z", "word": 92, "list": 7}}, {"model": "word_list.userword", "pk": 157, "fields": {"created": "2020-06-27T10:33:16.284Z", "modified": "2020-06-27T10:33:16.287Z", "word": 93, "list": 7}}, {"model": "auth.permission", "pk": 1, "fields": {"name": "Can add log entry", "content_type": 1, "codename": "add_logentry"}}, {"model": "auth.permission", "pk": 2, "fields": {"name": "Can change log entry", "content_type": 1, "codename": "change_logentry"}}, {"model": "auth.permission", "pk": 3, "fields": {"name": "Can delete log entry", "content_type": 1, "codename": "delete_logentry"}}, {"model": "auth.permission", "pk": 4, "fields": {"name": "Can view log entry", "content_type": 1, "codename": "view_logentry"}}, {"model": "auth.permission", "pk": 5, "fields": {"name": "Can add permission", "content_type": 2, "codename": "add_permission"}}, {"model": "auth.permission", "pk": 6, "fields": {"name": "Can change permission", "content_type": 2, "codename": "change_permission"}}, {"model": "auth.permission", "pk": 7, "fields": {"name": "Can delete permission", "content_type": 2, "codename": "delete_permission"}}, {"model": "auth.permission", "pk": 8, "fields": {"name": "Can view permission", "content_type": 2, "codename": "view_permission"}}, {"model": "auth.permission", "pk": 9, "fields": {"name": "Can add group", "content_type": 3, "codename": "add_group"}}, {"model": "auth.permission", "pk": 10, "fields": {"name": "Can change group", "content_type": 3, "codename": "change_group"}}, {"model": "auth.permission", "pk": 11, "fields": {"name": "Can delete group", "content_type": 3, "codename": "delete_group"}}, {"model": "auth.permission", "pk": 12, "fields": {"name": "Can view group", "content_type": 3, "codename": "view_group"}}, {"model": "auth.permission", "pk": 13, "fields": {"name": "Can add user", "content_type": 4, "codename": "add_user"}}, {"model": "auth.permission", "pk": 14, "fields": {"name": "Can change user", "content_type": 4, "codename": "change_user"}}, {"model": "auth.permission", "pk": 15, "fields": {"name": "Can delete user", "content_type": 4, "codename": "delete_user"}}, {"model": "auth.permission", "pk": 16, "fields": {"name": "Can view user", "content_type": 4, "codename": "view_user"}}, {"model": "auth.permission", "pk": 17, "fields": {"name": "Can add content type", "content_type": 5, "codename": "add_contenttype"}}, {"model": "auth.permission", "pk": 18, "fields": {"name": "Can change content type", "content_type": 5, "codename": "change_contenttype"}}, {"model": "auth.permission", "pk": 19, "fields": {"name": "Can delete content type", "content_type": 5, "codename": "delete_contenttype"}}, {"model": "auth.permission", "pk": 20, "fields": {"name": "Can view content type", "content_type": 5, "codename": "view_contenttype"}}, {"model": "auth.permission", "pk": 21, "fields": {"name": "Can add session", "content_type": 6, "codename": "add_session"}}, {"model": "auth.permission", "pk": 22, "fields": {"name": "Can change session", "content_type": 6, "codename": "change_session"}}, {"model": "auth.permission", "pk": 23, "fields": {"name": "Can delete session", "content_type": 6, "codename": "delete_session"}}, {"model": "auth.permission", "pk": 24, "fields": {"name": "Can view session", "content_type": 6, "codename": "view_session"}}, {"model": "auth.permission", "pk": 25, "fields": {"name": "Can add word list", "content_type": 7, "codename": "add_wordlist"}}, {"model": "auth.permission", "pk": 26, "fields": {"name": "Can change word list", "content_type": 7, "codename": "change_wordlist"}}, {"model": "auth.permission", "pk": 27, "fields": {"name": "Can delete word list", "content_type": 7, "codename": "delete_wordlist"}}, {"model": "auth.permission", "pk": 28, "fields": {"name": "Can view word list", "content_type": 7, "codename": "view_wordlist"}}, {"model": "auth.permission", "pk": 29, "fields": {"name": "Can add word", "content_type": 8, "codename": "add_word"}}, {"model": "auth.permission", "pk": 30, "fields": {"name": "Can change word", "content_type": 8, "codename": "change_word"}}, {"model": "auth.permission", "pk": 31, "fields": {"name": "Can delete word", "content_type": 8, "codename": "delete_word"}}, {"model": "auth.permission", "pk": 32, "fields": {"name": "Can view word", "content_type": 8, "codename": "view_word"}}, {"model": "auth.permission", "pk": 33, "fields": {"name": "Can add user word", "content_type": 9, "codename": "add_userword"}}, {"model": "auth.permission", "pk": 34, "fields": {"name": "Can change user word", "content_type": 9, "codename": "change_userword"}}, {"model": "auth.permission", "pk": 35, "fields": {"name": "Can delete user word", "content_type": 9, "codename": "delete_userword"}}, {"model": "auth.permission", "pk": 36, "fields": {"name": "Can view user word", "content_type": 9, "codename": "view_userword"}}, {"model": "auth.group", "pk": 1, "fields": {"name": "\u666e\u901a\u7528\u6237", "permissions": [29, 32, 25, 26, 27, 28]}}, {"model": "auth.user", "pk": 1, "fields": {"password": "pbkdf2_sha256$150000$hoA8jDYO1F21$X80vsdTVN1oYBnpw3PhPzwNwaKBcX53r1ySGLshXcBY=", "last_login": "2020-06-27T09:36:52.025Z", "is_superuser": true, "username": "admins", "first_name": "", "last_name": "", "email": "admins@163.com", "is_staff": true, "is_active": true, "date_joined": "2020-06-23T06:59:18.731Z", "groups": [], "user_permissions": []}}, {"model": "auth.user", "pk": 2, "fields": {"password": "pbkdf2_sha256$150000$YmdCjhZysKo3$Kmp5wTb6xXaphu0hT0JAuX1F9Us7V4UdptVKb3fkj9U=", "last_login": "2020-06-27T09:35:40.412Z", "is_superuser": true, "username": "fjl2401", "first_name": "", "last_name": "", "email": "fjl2401@163.com", "is_staff": true, "is_active": true, "date_joined": "2020-06-27T06:53:00Z", "groups": [1], "user_permissions": []}}, {"model": "word_list.wordlist", "pk": 1, "fields": {"created": "2020-06-27T06:42:56.535Z", "modified": "2020-06-27T06:52:43.868Z", "name": "\u96c5\u601d\u5fc5\u8003\u8bcd\u6c47\u8868--8", "user": 1}}, {"model": "word_list.wordlist", "pk": 2, "fields": {"created": "2020-06-27T06:42:56.535Z", "modified": "2020-06-27T06:52:43.868Z", "name": "Cambridge-7", "user": 1}}, {"model": "word_list.wordlist", "pk": 3, "fields": {"created": "2020-06-27T06:42:56.535Z", "modified": "2020-06-27T06:52:43.868Z", "name": "\u96c5\u601d\u738b3.0", "user": 1}}, {"model": "word_list.wordlist", "pk": 4, "fields": {"created": "2020-06-27T06:42:56.535Z", "modified": "2020-06-27T06:52:43.868Z", "name": "6.24\u5355\u8bcd\u8868", "user": 1}}, {"model": "word_list.wordlist", "pk": 5, "fields": {"created": "2020-06-27T06:42:56.535Z", "modified": "2020-06-27T06:52:43.868Z", "name": "\u96c5\u601d\u738b3.2", "user": 1}}, {"model": "word_list.wordlist", "pk": 6, "fields": {"created": "2020-06-27T06:42:56.535Z", "modified": "2020-06-27T06:52:43.868Z", "name": "6.26\u5355\u8bcd\u8868", "user": 1}}, {"model": "word_list.wordlist", "pk": 7, "fields": {"created": "2020-06-27T08:12:05.842Z", "modified": "2020-06-27T08:12:05.845Z", "name": "\u96c5\u601d\u738b3.1", "user": 1}}, {"model": "word_list.wordlist", "pk": 8, "fields": {"created": "2020-06-27T09:37:59.344Z", "modified": "2020-06-27T09:37:59.346Z", "name": "list 1-5", "user": 1}}, {"model": "word_list.wordlist", "pk": 9, "fields": {"created": "2020-06-27T09:58:47.969Z", "modified": "2020-06-27T09:58:47.971Z", "name": "list 6-10", "user": 1}}, {"model": "word_list.wordlist", "pk": 10, "fields": {"created": "2020-06-27T10:17:38.284Z", "modified": "2020-06-27T10:17:38.286Z", "name": "6.16-6.18", "user": 1}}, {"model": "admin.logentry", "pk": 1, "fields": {"action_time": "2020-06-23T06:59:53.815Z", "user": 1, "content_type": 7, "object_id": "1", "object_repr": "\u96c5\u601d\u5fc5\u8003\u8bcd\u6c47\u8868--8", "action_flag": 1, "change_message": "[{\"added\": {}}]"}}, {"model": "admin.logentry", "pk": 2, "fields": {"action_time": "2020-06-23T07:00:10.081Z", "user": 1, "content_type": 8, "object_id": "1", "object_repr": "Word object (1)", "action_flag": 1, "change_message": "[{\"added\": {}}]"}}, {"model": "admin.logentry", "pk": 3, "fields": {"action_time": "2020-06-23T07:00:18.960Z", "user": 1, "content_type": 8, "object_id": "2", "object_repr": "Word object (2)", "action_flag": 1, "change_message": "[{\"added\": {}}]"}}, {"model": "admin.logentry", "pk": 4, "fields": {"action_time": "2020-06-23T07:00:27.796Z", "user": 1, "content_type": 8, "object_id": "3", "object_repr": "Word object (3)", "action_flag": 1, "change_message": "[{\"added\": {}}]"}}, {"model": "admin.logentry", "pk": 5, "fields": {"action_time": "2020-06-23T07:00:34.064Z", "user": 1, "content_type": 8, "object_id": "4", "object_repr": "Word object (4)", "action_flag": 1, "change_message": "[{\"added\": {}}]"}}, {"model": "admin.logentry", "pk": 6, "fields": {"action_time": "2020-06-23T07:00:40.581Z", "user": 1, "content_type": 8, "object_id": "5", "object_repr": "Word object (5)", "action_flag": 1, "change_message": "[{\"added\": {}}]"}}, {"model": "admin.logentry", "pk": 7, "fields": {"action_time": "2020-06-23T07:00:49.210Z", "user": 1, "content_type": 8, "object_id": "6", "object_repr": "Word object (6)", "action_flag": 1, "change_message": "[{\"added\": {}}]"}}, {"model": "admin.logentry", "pk": 8, "fields": {"action_time": "2020-06-23T07:00:56.112Z", "user": 1, "content_type": 8, "object_id": "7", "object_repr": "Word object (7)", "action_flag": 1, "change_message": "[{\"added\": {}}]"}}, {"model": "admin.logentry", "pk": 9, "fields": {"action_time": "2020-06-23T07:01:16.972Z", "user": 1, "content_type": 8, "object_id": "8", "object_repr": "Word object (8)", "action_flag": 1, "change_message": "[{\"added\": {}}]"}}, {"model": "admin.logentry", "pk": 10, "fields": {"action_time": "2020-06-23T07:01:25.049Z", "user": 1, "content_type": 8, "object_id": "9", "object_repr": "Word object (9)", "action_flag": 1, "change_message": "[{\"added\": {}}]"}}, {"model": "admin.logentry", "pk": 11, "fields": {"action_time": "2020-06-23T07:01:38.882Z", "user": 1, "content_type": 8, "object_id": "10", "object_repr": "Word object (10)", "action_flag": 1, "change_message": "[{\"added\": {}}]"}}, {"model": "admin.logentry", "pk": 12, "fields": {"action_time": "2020-06-23T07:18:32.098Z", "user": 1, "content_type": 8, "object_id": "11", "object_repr": "Word object (11)", "action_flag": 1, "change_message": "[{\"added\": {}}]"}}, {"model": "admin.logentry", "pk": 13, "fields": {"action_time": "2020-06-23T07:18:57.765Z", "user": 1, "content_type": 8, "object_id": "12", "object_repr": "Word object (12)", "action_flag": 1, "change_message": "[{\"added\": {}}]"}}, {"model": "admin.logentry", "pk": 14, "fields": {"action_time": "2020-06-23T07:19:15.707Z", "user": 1, "content_type": 8, "object_id": "13", "object_repr": "Word object (13)", "action_flag": 1, "change_message": "[{\"added\": {}}]"}}, {"model": "admin.logentry", "pk": 15, "fields": {"action_time": "2020-06-23T07:19:43.548Z", "user": 1, "content_type": 8, "object_id": "14", "object_repr": "Word object (14)", "action_flag": 1, "change_message": "[{\"added\": {}}]"}}, {"model": "admin.logentry", "pk": 16, "fields": {"action_time": "2020-06-23T07:20:59.431Z", "user": 1, "content_type": 8, "object_id": "15", "object_repr": "Word object (15)", "action_flag": 1, "change_message": "[{\"added\": {}}]"}}, {"model": "admin.logentry", "pk": 17, "fields": {"action_time": "2020-06-23T07:21:56.189Z", "user": 1, "content_type": 8, "object_id": "16", "object_repr": "Word object (16)", "action_flag": 1, "change_message": "[{\"added\": {}}]"}}, {"model": "admin.logentry", "pk": 18, "fields": {"action_time": "2020-06-23T07:22:18.498Z", "user": 1, "content_type": 8, "object_id": "17", "object_repr": "Word object (17)", "action_flag": 1, "change_message": "[{\"added\": {}}]"}}, {"model": "admin.logentry", "pk": 19, "fields": {"action_time": "2020-06-23T07:22:34.593Z", "user": 1, "content_type": 8, "object_id": "18", "object_repr": "Word object (18)", "action_flag": 1, "change_message": "[{\"added\": {}}]"}}, {"model": "admin.logentry", "pk": 20, "fields": {"action_time": "2020-06-23T07:36:28.647Z", "user": 1, "content_type": 7, "object_id": "2", "object_repr": "Cambridge-7", "action_flag": 1, "change_message": "[{\"added\": {}}]"}}, {"model": "admin.logentry", "pk": 21, "fields": {"action_time": "2020-06-23T07:36:44.719Z", "user": 1, "content_type": 8, "object_id": "19", "object_repr": "Word object (19)", "action_flag": 1, "change_message": "[{\"added\": {}}]"}}, {"model": "admin.logentry", "pk": 22, "fields": {"action_time": "2020-06-23T07:36:57.928Z", "user": 1, "content_type": 8, "object_id": "20", "object_repr": "Word object (20)", "action_flag": 1, "change_message": "[{\"added\": {}}]"}}, {"model": "admin.logentry", "pk": 23, "fields": {"action_time": "2020-06-23T07:37:19.624Z", "user": 1, "content_type": 8, "object_id": "21", "object_repr": "Word object (21)", "action_flag": 1, "change_message": "[{\"added\": {}}]"}}, {"model": "admin.logentry", "pk": 24, "fields": {"action_time": "2020-06-23T07:38:05.266Z", "user": 1, "content_type": 8, "object_id": "22", "object_repr": "Word object (22)", "action_flag": 1, "change_message": "[{\"added\": {}}]"}}, {"model": "admin.logentry", "pk": 25, "fields": {"action_time": "2020-06-23T07:38:22.555Z", "user": 1, "content_type": 8, "object_id": "23", "object_repr": "Word object (23)", "action_flag": 1, "change_message": "[{\"added\": {}}]"}}, {"model": "admin.logentry", "pk": 26, "fields": {"action_time": "2020-06-23T07:38:33.929Z", "user": 1, "content_type": 8, "object_id": "24", "object_repr": "Word object (24)", "action_flag": 1, "change_message": "[{\"added\": {}}]"}}, {"model": "admin.logentry", "pk": 27, "fields": {"action_time": "2020-06-23T07:38:54.428Z", "user": 1, "content_type": 8, "object_id": "25", "object_repr": "Word object (25)", "action_flag": 1, "change_message": "[{\"added\": {}}]"}}, {"model": "admin.logentry", "pk": 28, "fields": {"action_time": "2020-06-23T07:39:27.429Z", "user": 1, "content_type": 8, "object_id": "26", "object_repr": "Word object (26)", "action_flag": 1, "change_message": "[{\"added\": {}}]"}}, {"model": "admin.logentry", "pk": 29, "fields": {"action_time": "2020-06-23T07:39:43.543Z", "user": 1, "content_type": 8, "object_id": "27", "object_repr": "Word object (27)", "action_flag": 1, "change_message": "[{\"added\": {}}]"}}, {"model": "admin.logentry", "pk": 30, "fields": {"action_time": "2020-06-23T07:40:00.854Z", "user": 1, "content_type": 8, "object_id": "28", "object_repr": "Word object (28)", "action_flag": 1, "change_message": "[{\"added\": {}}]"}}, {"model": "admin.logentry", "pk": 31, "fields": {"action_time": "2020-06-23T07:56:36.521Z", "user": 1, "content_type": 8, "object_id": "29", "object_repr": "Word object (29)", "action_flag": 1, "change_message": "[{\"added\": {}}]"}}, {"model": "admin.logentry", "pk": 32, "fields": {"action_time": "2020-06-23T07:59:12.699Z", "user": 1, "content_type": 8, "object_id": "30", "object_repr": "Word object (30)", "action_flag": 1, "change_message": "[{\"added\": {}}]"}}, {"model": "admin.logentry", "pk": 33, "fields": {"action_time": "2020-06-23T07:59:56.763Z", "user": 1, "content_type": 8, "object_id": "31", "object_repr": "Word object (31)", "action_flag": 1, "change_message": "[{\"added\": {}}]"}}, {"model": "admin.logentry", "pk": 34, "fields": {"action_time": "2020-06-23T08:00:17.586Z", "user": 1, "content_type": 8, "object_id": "32", "object_repr": "Word object (32)", "action_flag": 1, "change_message": "[{\"added\": {}}]"}}, {"model": "admin.logentry", "pk": 35, "fields": {"action_time": "2020-06-23T08:03:06.452Z", "user": 1, "content_type": 8, "object_id": "5", "object_repr": "Word object (5)", "action_flag": 2, "change_message": "[{\"changed\": {\"fields\": [\"content\"]}}]"}}, {"model": "admin.logentry", "pk": 36, "fields": {"action_time": "2020-06-23T08:05:39.244Z", "user": 1, "content_type": 8, "object_id": "33", "object_repr": "Word object (33)", "action_flag": 1, "change_message": "[{\"added\": {}}]"}}, {"model": "admin.logentry", "pk": 37, "fields": {"action_time": "2020-06-23T12:37:10.988Z", "user": 1, "content_type": 7, "object_id": "3", "object_repr": "\u96c5\u601d\u738b3.0", "action_flag": 1, "change_message": "[{\"added\": {}}]"}}, {"model": "admin.logentry", "pk": 38, "fields": {"action_time": "2020-06-23T12:37:21.501Z", "user": 1, "content_type": 8, "object_id": "34", "object_repr": "Word object (34)", "action_flag": 1, "change_message": "[{\"added\": {}}]"}}, {"model": "admin.logentry", "pk": 39, "fields": {"action_time": "2020-06-23T12:37:29.709Z", "user": 1, "content_type": 8, "object_id": "35", "object_repr": "Word object (35)", "action_flag": 1, "change_message": "[{\"added\": {}}]"}}, {"model": "admin.logentry", "pk": 40, "fields": {"action_time": "2020-06-23T12:37:47.952Z", "user": 1, "content_type": 8, "object_id": "36", "object_repr": "Word object (36)", "action_flag": 1, "change_message": "[{\"added\": {}}]"}}, {"model": "admin.logentry", "pk": 41, "fields": {"action_time": "2020-06-23T12:37:59.977Z", "user": 1, "content_type": 8, "object_id": "37", "object_repr": "Word object (37)", "action_flag": 1, "change_message": "[{\"added\": {}}]"}}, {"model": "admin.logentry", "pk": 42, "fields": {"action_time": "2020-06-23T13:22:14.549Z", "user": 1, "content_type": 8, "object_id": "38", "object_repr": "woodland", "action_flag": 1, "change_message": "[{\"added\": {}}]"}}, {"model": "admin.logentry", "pk": 43, "fields": {"action_time": "2020-06-23T13:24:55.571Z", "user": 1, "content_type": 8, "object_id": "38", "object_repr": "woodland", "action_flag": 2, "change_message": "[]"}}, {"model": "admin.logentry", "pk": 44, "fields": {"action_time": "2020-06-23T13:25:11.815Z", "user": 1, "content_type": 8, "object_id": "39", "object_repr": "antenna", "action_flag": 1, "change_message": "[{\"added\": {}}]"}}, {"model": "admin.logentry", "pk": 45, "fields": {"action_time": "2020-06-23T13:25:18.708Z", "user": 1, "content_type": 8, "object_id": "40", "object_repr": "bark", "action_flag": 1, "change_message": "[{\"added\": {}}]"}}, {"model": "admin.logentry", "pk": 46, "fields": {"action_time": "2020-06-23T13:45:23.353Z", "user": 1, "content_type": 8, "object_id": "41", "object_repr": "concrete", "action_flag": 1, "change_message": "[{\"added\": {}}]"}}, {"model": "admin.logentry", "pk": 47, "fields": {"action_time": "2020-06-23T13:45:32.608Z", "user": 1, "content_type": 8, "object_id": "42", "object_repr": "fertilizer", "action_flag": 1, "change_message": "[{\"added\": {}}]"}}, {"model": "admin.logentry", "pk": 48, "fields": {"action_time": "2020-06-23T13:45:37.563Z", "user": 1, "content_type": 8, "object_id": "43", "object_repr": "windmills", "action_flag": 1, "change_message": "[{\"added\": {}}]"}}, {"model": "admin.logentry", "pk": 49, "fields": {"action_time": "2020-06-23T13:45:40.680Z", "user": 1, "content_type": 8, "object_id": "44", "object_repr": "judo", "action_flag": 1, "change_message": "[{\"added\": {}}]"}}, {"model": "admin.logentry", "pk": 50, "fields": {"action_time": "2020-06-23T13:45:49.328Z", "user": 1, "content_type": 8, "object_id": "45", "object_repr": "fiancee", "action_flag": 1, "change_message": "[{\"added\": {}}]"}}, {"model": "admin.logentry", "pk": 51, "fields": {"action_time": "2020-06-23T13:46:09.164Z", "user": 1, "content_type": 8, "object_id": "46", "object_repr": "tutorial", "action_flag": 1, "change_message": "[{\"added\": {}}]"}}, {"model": "admin.logentry", "pk": 52, "fields": {"action_time": "2020-06-23T13:46:25.336Z", "user": 1, "content_type": 8, "object_id": "47", "object_repr": "diploma", "action_flag": 1, "change_message": "[{\"added\": {}}]"}}, {"model": "admin.logentry", "pk": 53, "fields": {"action_time": "2020-06-23T13:46:35.472Z", "user": 1, "content_type": 8, "object_id": "48", "object_repr": "manipulation", "action_flag": 1, "change_message": "[{\"added\": {}}]"}}, {"model": "admin.logentry", "pk": 54, "fields": {"action_time": "2020-06-23T13:46:39.207Z", "user": 1, "content_type": 8, "object_id": "49", "object_repr": "licence", "action_flag": 1, "change_message": "[{\"added\": {}}]"}}, {"model": "admin.logentry", "pk": 55, "fields": {"action_time": "2020-06-23T13:46:48.845Z", "user": 1, "content_type": 8, "object_id": "50", "object_repr": "pasture", "action_flag": 1, "change_message": "[{\"added\": {}}]"}}, {"model": "admin.logentry", "pk": 56, "fields": {"action_time": "2020-06-23T13:46:55.399Z", "user": 1, "content_type": 8, "object_id": "51", "object_repr": "peers", "action_flag": 1, "change_message": "[{\"added\": {}}]"}}, {"model": "admin.logentry", "pk": 57, "fields": {"action_time": "2020-06-23T13:47:00.778Z", "user": 1, "content_type": 8, "object_id": "52", "object_repr": "fabric", "action_flag": 1, "change_message": "[{\"added\": {}}]"}}, {"model": "admin.logentry", "pk": 58, "fields": {"action_time": "2020-06-23T13:47:06.068Z", "user": 1, "content_type": 8, "object_id": "53", "object_repr": "testimony", "action_flag": 1, "change_message": "[{\"added\": {}}]"}}, {"model": "admin.logentry", "pk": 59, "fields": {"action_time": "2020-06-23T13:47:14.927Z", "user": 1, "content_type": 8, "object_id": "54", "object_repr": "chandelier", "action_flag": 1, "change_message": "[{\"added\": {}}]"}}, {"model": "admin.logentry", "pk": 60, "fields": {"action_time": "2020-06-23T13:47:18.294Z", "user": 1, "content_type": 8, "object_id": "55", "object_repr": "bladders", "action_flag": 1, "change_message": "[{\"added\": {}}]"}}, {"model": "admin.logentry", "pk": 61, "fields": {"action_time": "2020-06-23T13:47:28.454Z", "user": 1, "content_type": 8, "object_id": "56", "object_repr": "cellolose", "action_flag": 1, "change_message": "[{\"added\": {}}]"}}, {"model": "admin.logentry", "pk": 62, "fields": {"action_time": "2020-06-23T13:47:34.596Z", "user": 1, "content_type": 8, "object_id": "57", "object_repr": "tent", "action_flag": 1, "change_message": "[{\"added\": {}}]"}}, {"model": "admin.logentry", "pk": 63, "fields": {"action_time": "2020-06-23T13:47:40.222Z", "user": 1, "content_type": 8, "object_id": "58", "object_repr": "refreshments", "action_flag": 1, "change_message": "[{\"added\": {}}]"}}, {"model": "admin.logentry", "pk": 64, "fields": {"action_time": "2020-06-23T13:47:43.947Z", "user": 1, "content_type": 8, "object_id": "59", "object_repr": "toads", "action_flag": 1, "change_message": "[{\"added\": {}}]"}}, {"model": "admin.logentry", "pk": 65, "fields": {"action_time": "2020-06-23T13:47:47.198Z", "user": 1, "content_type": 8, "object_id": "60", "object_repr": "womb", "action_flag": 1, "change_message": "[{\"added\": {}}]"}}, {"model": "admin.logentry", "pk": 66, "fields": {"action_time": "2020-06-23T13:47:50.408Z", "user": 1, "content_type": 8, "object_id": "61", "object_repr": "pond", "action_flag": 1, "change_message": "[{\"added\": {}}]"}}, {"model": "admin.logentry", "pk": 67, "fields": {"action_time": "2020-06-23T13:47:54.907Z", "user": 1, "content_type": 8, "object_id": "62", "object_repr": "habitat", "action_flag": 1, "change_message": "[{\"added\": {}}]"}}, {"model": "admin.logentry", "pk": 68, "fields": {"action_time": "2020-06-23T13:48:03.612Z", "user": 1, "content_type": 8, "object_id": "63", "object_repr": "leaflet", "action_flag": 1, "change_message": "[{\"added\": {}}]"}}, {"model": "admin.logentry", "pk": 69, "fields": {"action_time": "2020-06-23T13:48:07.764Z", "user": 1, "content_type": 8, "object_id": "64", "object_repr": "fuel", "action_flag": 1, "change_message": "[{\"added\": {}}]"}}, {"model": "admin.logentry", "pk": 70, "fields": {"action_time": "2020-06-23T13:48:12.802Z", "user": 1, "content_type": 8, "object_id": "65", "object_repr": "predator", "action_flag": 1, "change_message": "[{\"added\": {}}]"}}, {"model": "admin.logentry", "pk": 71, "fields": {"action_time": "2020-06-23T13:48:18.425Z", "user": 1, "content_type": 8, "object_id": "66", "object_repr": "variables", "action_flag": 1, "change_message": "[{\"added\": {}}]"}}, {"model": "admin.logentry", "pk": 72, "fields": {"action_time": "2020-06-23T13:48:26.313Z", "user": 1, "content_type": 8, "object_id": "67", "object_repr": "poverty", "action_flag": 1, "change_message": "[{\"added\": {}}]"}}, {"model": "admin.logentry", "pk": 73, "fields": {"action_time": "2020-06-23T13:48:33.757Z", "user": 1, "content_type": 8, "object_id": "68", "object_repr": "realism", "action_flag": 1, "change_message": "[{\"added\": {}}]"}}, {"model": "admin.logentry", "pk": 74, "fields": {"action_time": "2020-06-23T13:48:39.913Z", "user": 1, "content_type": 8, "object_id": "69", "object_repr": "frustration", "action_flag": 1, "change_message": "[{\"added\": {}}]"}}, {"model": "admin.logentry", "pk": 75, "fields": {"action_time": "2020-06-23T13:48:49.631Z", "user": 1, "content_type": 8, "object_id": "70", "object_repr": "exterior", "action_flag": 1, "change_message": "[{\"added\": {}}]"}}, {"model": "admin.logentry", "pk": 76, "fields": {"action_time": "2020-06-23T13:49:00.232Z", "user": 1, "content_type": 8, "object_id": "71", "object_repr": "engineering", "action_flag": 1, "change_message": "[{\"added\": {}}]"}}, {"model": "admin.logentry", "pk": 77, "fields": {"action_time": "2020-06-23T13:49:03.126Z", "user": 1, "content_type": 8, "object_id": "72", "object_repr": "spa", "action_flag": 1, "change_message": "[{\"added\": {}}]"}}, {"model": "admin.logentry", "pk": 78, "fields": {"action_time": "2020-06-23T13:49:12.100Z", "user": 1, "content_type": 8, "object_id": "73", "object_repr": "hairdresser", "action_flag": 1, "change_message": "[{\"added\": {}}]"}}, {"model": "admin.logentry", "pk": 79, "fields": {"action_time": "2020-06-23T13:49:17.121Z", "user": 1, "content_type": 8, "object_id": "74", "object_repr": "ratio", "action_flag": 1, "change_message": "[{\"added\": {}}]"}}, {"model": "admin.logentry", "pk": 80, "fields": {"action_time": "2020-06-23T13:49:22.735Z", "user": 1, "content_type": 8, "object_id": "75", "object_repr": "temperature", "action_flag": 1, "change_message": "[{\"added\": {}}]"}}, {"model": "admin.logentry", "pk": 81, "fields": {"action_time": "2020-06-23T13:49:29.058Z", "user": 1, "content_type": 8, "object_id": "76", "object_repr": "parachute", "action_flag": 1, "change_message": "[{\"added\": {}}]"}}, {"model": "admin.logentry", "pk": 82, "fields": {"action_time": "2020-06-23T13:49:36.242Z", "user": 1, "content_type": 8, "object_id": "77", "object_repr": "valve", "action_flag": 1, "change_message": "[{\"added\": {}}]"}}, {"model": "admin.logentry", "pk": 83, "fields": {"action_time": "2020-06-23T13:49:44.738Z", "user": 1, "content_type": 8, "object_id": "78", "object_repr": "chimpanzees", "action_flag": 1, "change_message": "[{\"added\": {}}]"}}, {"model": "admin.logentry", "pk": 84, "fields": {"action_time": "2020-06-23T13:49:54.785Z", "user": 1, "content_type": 8, "object_id": "79", "object_repr": "dominace", "action_flag": 1, "change_message": "[{\"added\": {}}]"}}, {"model": "admin.logentry", "pk": 85, "fields": {"action_time": "2020-06-23T13:49:58.469Z", "user": 1, "content_type": 8, "object_id": "80", "object_repr": "nutshell", "action_flag": 1, "change_message": "[{\"added\": {}}]"}}, {"model": "admin.logentry", "pk": 86, "fields": {"action_time": "2020-06-23T13:50:07.084Z", "user": 1, "content_type": 8, "object_id": "81", "object_repr": "binoculars", "action_flag": 1, "change_message": "[{\"added\": {}}]"}}, {"model": "admin.logentry", "pk": 87, "fields": {"action_time": "2020-06-23T13:50:12.369Z", "user": 1, "content_type": 8, "object_id": "82", "object_repr": "eskimo", "action_flag": 1, "change_message": "[{\"added\": {}}]"}}, {"model": "admin.logentry", "pk": 88, "fields": {"action_time": "2020-06-23T13:50:19.106Z", "user": 1, "content_type": 8, "object_id": "83", "object_repr": "vibration", "action_flag": 1, "change_message": "[{\"added\": {}}]"}}, {"model": "admin.logentry", "pk": 89, "fields": {"action_time": "2020-06-23T13:50:21.989Z", "user": 1, "content_type": 8, "object_id": "84", "object_repr": "bulb", "action_flag": 1, "change_message": "[{\"added\": {}}]"}}, {"model": "admin.logentry", "pk": 90, "fields": {"action_time": "2020-06-23T13:50:23.706Z", "user": 1, "content_type": 8, "object_id": "85", "object_repr": "mud", "action_flag": 1, "change_message": "[{\"added\": {}}]"}}, {"model": "admin.logentry", "pk": 91, "fields": {"action_time": "2020-06-23T13:50:29.685Z", "user": 1, "content_type": 8, "object_id": "86", "object_repr": "reservoir", "action_flag": 1, "change_message": "[{\"added\": {}}]"}}, {"model": "admin.logentry", "pk": 92, "fields": {"action_time": "2020-06-23T13:50:40.812Z", "user": 1, "content_type": 8, "object_id": "87", "object_repr": "proofreading", "action_flag": 1, "change_message": "[{\"added\": {}}]"}}, {"model": "admin.logentry", "pk": 93, "fields": {"action_time": "2020-06-23T13:50:51.326Z", "user": 1, "content_type": 8, "object_id": "88", "object_repr": "librarian", "action_flag": 1, "change_message": "[{\"added\": {}}]"}}, {"model": "admin.logentry", "pk": 94, "fields": {"action_time": "2020-06-23T13:50:55.030Z", "user": 1, "content_type": 8, "object_id": "89", "object_repr": "peas", "action_flag": 1, "change_message": "[{\"added\": {}}]"}}, {"model": "admin.logentry", "pk": 95, "fields": {"action_time": "2020-06-23T13:53:02.171Z", "user": 1, "content_type": 8, "object_id": "90", "object_repr": "porcelain", "action_flag": 1, "change_message": "[{\"added\": {}}]"}}, {"model": "admin.logentry", "pk": 96, "fields": {"action_time": "2020-06-23T13:53:13.111Z", "user": 1, "content_type": 8, "object_id": "91", "object_repr": "plough", "action_flag": 1, "change_message": "[{\"added\": {}}]"}}, {"model": "admin.logentry", "pk": 97, "fields": {"action_time": "2020-06-23T13:53:36.268Z", "user": 1, "content_type": 8, "object_id": "92", "object_repr": "representative", "action_flag": 1, "change_message": "[{\"added\": {}}]"}}, {"model": "admin.logentry", "pk": 98, "fields": {"action_time": "2020-06-23T13:53:46.369Z", "user": 1, "content_type": 8, "object_id": "93", "object_repr": "voicemail", "action_flag": 1, "change_message": "[{\"added\": {}}]"}}, {"model": "admin.logentry", "pk": 99, "fields": {"action_time": "2020-06-24T07:26:15.506Z", "user": 1, "content_type": 7, "object_id": "4", "object_repr": "6.24\u5355\u8bcd\u8868", "action_flag": 1, "change_message": "[{\"added\": {}}]"}}, {"model": "admin.logentry", "pk": 100, "fields": {"action_time": "2020-06-24T07:26:34.378Z", "user": 1, "content_type": 8, "object_id": "94", "object_repr": "nowithstanding", "action_flag": 1, "change_message": "[{\"added\": {}}]"}}, {"model": "admin.logentry", "pk": 101, "fields": {"action_time": "2020-06-24T10:04:17.214Z", "user": 1, "content_type": 8, "object_id": "95", "object_repr": "allergy", "action_flag": 1, "change_message": "[{\"added\": {}}]"}}, {"model": "admin.logentry", "pk": 102, "fields": {"action_time": "2020-06-24T10:04:37.128Z", "user": 1, "content_type": 8, "object_id": "96", "object_repr": "alteration", "action_flag": 1, "change_message": "[{\"added\": {}}]"}}, {"model": "admin.logentry", "pk": 103, "fields": {"action_time": "2020-06-24T10:05:07.341Z", "user": 1, "content_type": 8, "object_id": "97", "object_repr": "analysis", "action_flag": 1, "change_message": "[{\"added\": {}}]"}}, {"model": "admin.logentry", "pk": 104, "fields": {"action_time": "2020-06-24T10:05:17.392Z", "user": 1, "content_type": 8, "object_id": "98", "object_repr": "analyst", "action_flag": 1, "change_message": "[{\"added\": {}}]"}}, {"model": "admin.logentry", "pk": 105, "fields": {"action_time": "2020-06-24T10:05:28.069Z", "user": 1, "content_type": 8, "object_id": "99", "object_repr": "ankle", "action_flag": 1, "change_message": "[{\"added\": {}}]"}}, {"model": "admin.logentry", "pk": 106, "fields": {"action_time": "2020-06-24T10:05:48.163Z", "user": 1, "content_type": 8, "object_id": "100", "object_repr": "antarctica", "action_flag": 1, "change_message": "[{\"added\": {}}]"}}, {"model": "admin.logentry", "pk": 107, "fields": {"action_time": "2020-06-24T10:05:56.528Z", "user": 1, "content_type": 8, "object_id": "101", "object_repr": "ape", "action_flag": 1, "change_message": "[{\"added\": {}}]"}}, {"model": "admin.logentry", "pk": 108, "fields": {"action_time": "2020-06-24T10:06:09.296Z", "user": 1, "content_type": 8, "object_id": "102", "object_repr": "architect", "action_flag": 1, "change_message": "[{\"added\": {}}]"}}, {"model": "admin.logentry", "pk": 109, "fields": {"action_time": "2020-06-24T10:06:31.204Z", "user": 1, "content_type": 8, "object_id": "103", "object_repr": "aspirin", "action_flag": 1, "change_message": "[{\"added\": {}}]"}}, {"model": "admin.logentry", "pk": 110, "fields": {"action_time": "2020-06-24T10:08:01.671Z", "user": 1, "content_type": 8, "object_id": "104", "object_repr": "atlas", "action_flag": 1, "change_message": "[{\"added\": {}}]"}}, {"model": "admin.logentry", "pk": 111, "fields": {"action_time": "2020-06-24T10:08:30.496Z", "user": 1, "content_type": 8, "object_id": "105", "object_repr": "auditorium", "action_flag": 1, "change_message": "[{\"added\": {}}]"}}, {"model": "admin.logentry", "pk": 112, "fields": {"action_time": "2020-06-24T10:08:44.909Z", "user": 1, "content_type": 8, "object_id": "106", "object_repr": "bachelor", "action_flag": 1, "change_message": "[{\"added\": {}}]"}}, {"model": "admin.logentry", "pk": 113, "fields": {"action_time": "2020-06-24T10:08:59.504Z", "user": 1, "content_type": 8, "object_id": "107", "object_repr": "badminton", "action_flag": 1, "change_message": "[{\"added\": {}}]"}}, {"model": "admin.logentry", "pk": 114, "fields": {"action_time": "2020-06-24T10:09:10.839Z", "user": 1, "content_type": 8, "object_id": "108", "object_repr": "baldness", "action_flag": 1, "change_message": "[{\"added\": {}}]"}}, {"model": "admin.logentry", "pk": 115, "fields": {"action_time": "2020-06-24T10:09:21.683Z", "user": 1, "content_type": 8, "object_id": "109", "object_repr": "bandage", "action_flag": 1, "change_message": "[{\"added\": {}}]"}}, {"model": "admin.logentry", "pk": 116, "fields": {"action_time": "2020-06-24T10:09:50.680Z", "user": 1, "content_type": 8, "object_id": "110", "object_repr": "basis", "action_flag": 1, "change_message": "[{\"added\": {}}]"}}, {"model": "admin.logentry", "pk": 117, "fields": {"action_time": "2020-06-24T10:10:08.121Z", "user": 1, "content_type": 8, "object_id": "111", "object_repr": "beard", "action_flag": 1, "change_message": "[{\"added\": {}}]"}}, {"model": "admin.logentry", "pk": 118, "fields": {"action_time": "2020-06-24T10:10:25.488Z", "user": 1, "content_type": 8, "object_id": "112", "object_repr": "bedsit", "action_flag": 1, "change_message": "[{\"added\": {}}]"}}, {"model": "admin.logentry", "pk": 119, "fields": {"action_time": "2020-06-24T10:11:06.690Z", "user": 1, "content_type": 8, "object_id": "113", "object_repr": "bibliography", "action_flag": 1, "change_message": "[{\"added\": {}}]"}}, {"model": "admin.logentry", "pk": 120, "fields": {"action_time": "2020-06-24T10:11:33.441Z", "user": 1, "content_type": 8, "object_id": "114", "object_repr": "bowl", "action_flag": 1, "change_message": "[{\"added\": {}}]"}}, {"model": "admin.logentry", "pk": 121, "fields": {"action_time": "2020-06-24T10:11:42.064Z", "user": 1, "content_type": 8, "object_id": "115", "object_repr": "bowling", "action_flag": 1, "change_message": "[{\"added\": {}}]"}}, {"model": "admin.logentry", "pk": 122, "fields": {"action_time": "2020-06-24T10:11:59.485Z", "user": 1, "content_type": 8, "object_id": "116", "object_repr": "brochures", "action_flag": 1, "change_message": "[{\"added\": {}}]"}}, {"model": "admin.logentry", "pk": 123, "fields": {"action_time": "2020-06-24T10:12:15.000Z", "user": 1, "content_type": 8, "object_id": "117", "object_repr": "burglar", "action_flag": 1, "change_message": "[{\"added\": {}}]"}}, {"model": "admin.logentry", "pk": 124, "fields": {"action_time": "2020-06-24T10:12:34.920Z", "user": 1, "content_type": 8, "object_id": "118", "object_repr": "bungalow", "action_flag": 1, "change_message": "[{\"added\": {}}]"}}, {"model": "admin.logentry", "pk": 125, "fields": {"action_time": "2020-06-26T03:19:41.875Z", "user": 1, "content_type": 7, "object_id": "5", "object_repr": "\u96c5\u601d\u738b3.2", "action_flag": 1, "change_message": "[{\"added\": {}}]"}}, {"model": "admin.logentry", "pk": 126, "fields": {"action_time": "2020-06-26T03:20:10.312Z", "user": 1, "content_type": 8, "object_id": "119", "object_repr": "canteen", "action_flag": 1, "change_message": "[{\"added\": {}}]"}}, {"model": "admin.logentry", "pk": 127, "fields": {"action_time": "2020-06-26T03:20:25.683Z", "user": 1, "content_type": 8, "object_id": "120", "object_repr": "capsule", "action_flag": 1, "change_message": "[{\"added\": {}}]"}}, {"model": "admin.logentry", "pk": 128, "fields": {"action_time": "2020-06-26T03:20:31.778Z", "user": 1, "content_type": 8, "object_id": "121", "object_repr": "carving", "action_flag": 1, "change_message": "[{\"added\": {}}]"}}, {"model": "admin.logentry", "pk": 129, "fields": {"action_time": "2020-06-26T03:20:40.455Z", "user": 1, "content_type": 8, "object_id": "122", "object_repr": "cashier", "action_flag": 1, "change_message": "[{\"added\": {}}]"}}, {"model": "admin.logentry", "pk": 130, "fields": {"action_time": "2020-06-26T03:20:52.495Z", "user": 1, "content_type": 8, "object_id": "123", "object_repr": "cathedral", "action_flag": 1, "change_message": "[{\"added\": {}}]"}}, {"model": "admin.logentry", "pk": 131, "fields": {"action_time": "2020-06-26T03:20:57.762Z", "user": 1, "content_type": 8, "object_id": "124", "object_repr": "cents", "action_flag": 1, "change_message": "[{\"added\": {}}]"}}, {"model": "admin.logentry", "pk": 132, "fields": {"action_time": "2020-06-26T03:21:16.131Z", "user": 1, "content_type": 8, "object_id": "125", "object_repr": "chancellor", "action_flag": 1, "change_message": "[{\"added\": {}}]"}}, {"model": "admin.logentry", "pk": 133, "fields": {"action_time": "2020-06-26T03:21:26.616Z", "user": 1, "content_type": 8, "object_id": "126", "object_repr": "chin", "action_flag": 1, "change_message": "[{\"added\": {}}]"}}, {"model": "admin.logentry", "pk": 134, "fields": {"action_time": "2020-06-26T03:21:49.458Z", "user": 1, "content_type": 8, "object_id": "127", "object_repr": "cliffs", "action_flag": 1, "change_message": "[{\"added\": {}}]"}}, {"model": "admin.logentry", "pk": 135, "fields": {"action_time": "2020-06-26T03:22:08.423Z", "user": 1, "content_type": 8, "object_id": "128", "object_repr": "conference", "action_flag": 1, "change_message": "[{\"added\": {}}]"}}, {"model": "admin.logentry", "pk": 136, "fields": {"action_time": "2020-06-26T03:22:30.759Z", "user": 1, "content_type": 8, "object_id": "129", "object_repr": "companion", "action_flag": 1, "change_message": "[{\"added\": {}}]"}}, {"model": "admin.logentry", "pk": 137, "fields": {"action_time": "2020-06-26T03:22:54.953Z", "user": 1, "content_type": 8, "object_id": "130", "object_repr": "congestion", "action_flag": 1, "change_message": "[{\"added\": {}}]"}}, {"model": "admin.logentry", "pk": 138, "fields": {"action_time": "2020-06-26T03:23:09.124Z", "user": 1, "content_type": 8, "object_id": "131", "object_repr": "conqueror", "action_flag": 1, "change_message": "[{\"added\": {}}]"}}, {"model": "admin.logentry", "pk": 139, "fields": {"action_time": "2020-06-26T03:24:00.967Z", "user": 1, "content_type": 8, "object_id": "132", "object_repr": "contamination", "action_flag": 1, "change_message": "[{\"added\": {}}]"}}, {"model": "admin.logentry", "pk": 140, "fields": {"action_time": "2020-06-26T03:25:21.561Z", "user": 1, "content_type": 8, "object_id": "133", "object_repr": "contaminants", "action_flag": 1, "change_message": "[{\"added\": {}}]"}}, {"model": "admin.logentry", "pk": 141, "fields": {"action_time": "2020-06-26T05:18:22.501Z", "user": 1, "content_type": 7, "object_id": "6", "object_repr": "6.26\u5355\u8bcd\u8868", "action_flag": 1, "change_message": "[{\"added\": {}}]"}}, {"model": "admin.logentry", "pk": 142, "fields": {"action_time": "2020-06-26T05:24:48.437Z", "user": 1, "content_type": 8, "object_id": "134", "object_repr": "crocodile", "action_flag": 1, "change_message": "[{\"added\": {}}]"}}, {"model": "admin.logentry", "pk": 143, "fields": {"action_time": "2020-06-26T05:25:10.665Z", "user": 1, "content_type": 8, "object_id": "134", "object_repr": "crocodile", "action_flag": 2, "change_message": "[{\"changed\": {\"fields\": [\"translate\"]}}]"}}, {"model": "admin.logentry", "pk": 144, "fields": {"action_time": "2020-06-26T05:25:36.680Z", "user": 1, "content_type": 8, "object_id": "134", "object_repr": "crocodile", "action_flag": 2, "change_message": "[{\"changed\": {\"fields\": [\"translate\"]}}]"}}, {"model": "admin.logentry", "pk": 145, "fields": {"action_time": "2020-06-26T05:25:44.748Z", "user": 1, "content_type": 8, "object_id": "134", "object_repr": "crocodile", "action_flag": 2, "change_message": "[]"}}, {"model": "admin.logentry", "pk": 146, "fields": {"action_time": "2020-06-26T05:25:50.880Z", "user": 1, "content_type": 8, "object_id": "134", "object_repr": "crocodile", "action_flag": 2, "change_message": "[]"}}, {"model": "admin.logentry", "pk": 147, "fields": {"action_time": "2020-06-26T05:30:27.435Z", "user": 1, "content_type": 8, "object_id": "134", "object_repr": "creek", "action_flag": 2, "change_message": "[{\"changed\": {\"fields\": [\"content\"]}}]"}}, {"model": "admin.logentry", "pk": 148, "fields": {"action_time": "2020-06-26T05:30:35.379Z", "user": 1, "content_type": 8, "object_id": "134", "object_repr": "creek", "action_flag": 3, "change_message": ""}}, {"model": "admin.logentry", "pk": 149, "fields": {"action_time": "2020-06-26T05:35:25.881Z", "user": 1, "content_type": 8, "object_id": "135", "object_repr": "cutlery", "action_flag": 1, "change_message": "[{\"added\": {}}]"}}, {"model": "admin.logentry", "pk": 150, "fields": {"action_time": "2020-06-26T05:40:08.017Z", "user": 1, "content_type": 8, "object_id": "136", "object_repr": "cot", "action_flag": 1, "change_message": "[{\"added\": {}}]"}}, {"model": "admin.logentry", "pk": 151, "fields": {"action_time": "2020-06-27T06:10:57.487Z", "user": 1, "content_type": 3, "object_id": "1", "object_repr": "\u666e\u901a\u7528\u6237", "action_flag": 1, "change_message": "[{\"added\": {}}]"}}, {"model": "admin.logentry", "pk": 152, "fields": {"action_time": "2020-06-27T06:56:44.107Z", "user": 2, "content_type": 4, "object_id": "2", "object_repr": "fjl2401", "action_flag": 2, "change_message": "[{\"changed\": {\"fields\": [\"groups\", \"last_login\"]}}]"}}, {"model": "admin.logentry", "pk": 153, "fields": {"action_time": "2020-06-27T08:12:05.846Z", "user": 1, "content_type": 7, "object_id": "7", "object_repr": "\u96c5\u601d\u738b3.1", "action_flag": 1, "change_message": "[{\"added\": {}}]"}}, {"model": "admin.logentry", "pk": 154, "fields": {"action_time": "2020-06-27T08:12:09.237Z", "user": 1, "content_type": 9, "object_id": "1", "object_repr": "venue", "action_flag": 1, "change_message": "[{\"added\": {}}]"}}, {"model": "admin.logentry", "pk": 155, "fields": {"action_time": "2020-06-27T08:12:28.930Z", "user": 1, "content_type": 9, "object_id": "2", "object_repr": "toads", "action_flag": 1, "change_message": "[{\"added\": {}}]"}}, {"model": "admin.logentry", "pk": 156, "fields": {"action_time": "2020-06-27T08:27:41.754Z", "user": 1, "content_type": 9, "object_id": "3", "object_repr": "judo", "action_flag": 1, "change_message": "[{\"added\": {}}]"}}, {"model": "admin.logentry", "pk": 157, "fields": {"action_time": "2020-06-27T08:27:49.250Z", "user": 1, "content_type": 9, "object_id": "4", "object_repr": "bulb", "action_flag": 1, "change_message": "[{\"added\": {}}]"}}, {"model": "admin.logentry", "pk": 158, "fields": {"action_time": "2020-06-27T09:35:05.670Z", "user": 1, "content_type": 3, "object_id": "1", "object_repr": "\u666e\u901a\u7528\u6237", "action_flag": 2, "change_message": "[{\"changed\": {\"fields\": [\"permissions\"]}}]"}}, {"model": "admin.logentry", "pk": 159, "fields": {"action_time": "2020-06-27T09:35:32.726Z", "user": 1, "content_type": 4, "object_id": "2", "object_repr": "fjl2401", "action_flag": 2, "change_message": "[{\"changed\": {\"fields\": [\"last_login\"]}}]"}}, {"model": "admin.logentry", "pk": 160, "fields": {"action_time": "2020-06-27T09:36:07.961Z", "user": 2, "content_type": 8, "object_id": "137", "object_repr": "morning", "action_flag": 1, "change_message": "[{\"added\": {}}]"}}, {"model": "admin.logentry", "pk": 161, "fields": {"action_time": "2020-06-27T09:36:13.526Z", "user": 2, "content_type": 8, "object_id": "137", "object_repr": "morning", "action_flag": 3, "change_message": ""}}, {"model": "admin.logentry", "pk": 162, "fields": {"action_time": "2020-06-27T09:37:59.346Z", "user": 1, "content_type": 7, "object_id": "8", "object_repr": "list 1-5", "action_flag": 1, "change_message": "[{\"added\": {}}]"}}, {"model": "admin.logentry", "pk": 163, "fields": {"action_time": "2020-06-27T09:40:31.263Z", "user": 1, "content_type": 8, "object_id": "138", "object_repr": "assess", "action_flag": 1, "change_message": "[{\"added\": {}}]"}}, {"model": "admin.logentry", "pk": 164, "fields": {"action_time": "2020-06-27T09:40:34.432Z", "user": 1, "content_type": 9, "object_id": "5", "object_repr": "assess", "action_flag": 1, "change_message": "[{\"added\": {}}]"}}, {"model": "admin.logentry", "pk": 165, "fields": {"action_time": "2020-06-27T09:41:08.813Z", "user": 1, "content_type": 8, "object_id": "139", "object_repr": "significant", "action_flag": 1, "change_message": "[{\"added\": {}}]"}}, {"model": "admin.logentry", "pk": 166, "fields": {"action_time": "2020-06-27T09:41:11.048Z", "user": 1, "content_type": 9, "object_id": "6", "object_repr": "significant", "action_flag": 1, "change_message": "[{\"added\": {}}]"}}, {"model": "admin.logentry", "pk": 167, "fields": {"action_time": "2020-06-27T09:41:20.426Z", "user": 1, "content_type": 8, "object_id": "140", "object_repr": "vary", "action_flag": 1, "change_message": "[{\"added\": {}}]"}}, {"model": "admin.logentry", "pk": 168, "fields": {"action_time": "2020-06-27T09:41:22.089Z", "user": 1, "content_type": 9, "object_id": "7", "object_repr": "vary", "action_flag": 1, "change_message": "[{\"added\": {}}]"}}, {"model": "admin.logentry", "pk": 169, "fields": {"action_time": "2020-06-27T09:41:35.890Z", "user": 1, "content_type": 8, "object_id": "141", "object_repr": "perceive", "action_flag": 1, "change_message": "[{\"added\": {}}]"}}, {"model": "admin.logentry", "pk": 170, "fields": {"action_time": "2020-06-27T09:41:40.489Z", "user": 1, "content_type": 9, "object_id": "8", "object_repr": "perceive", "action_flag": 1, "change_message": "[{\"added\": {}}]"}}, {"model": "admin.logentry", "pk": 171, "fields": {"action_time": "2020-06-27T09:41:54.515Z", "user": 1, "content_type": 8, "object_id": "142", "object_repr": "regulate", "action_flag": 1, "change_message": "[{\"added\": {}}]"}}, {"model": "admin.logentry", "pk": 172, "fields": {"action_time": "2020-06-27T09:41:56.401Z", "user": 1, "content_type": 9, "object_id": "9", "object_repr": "regulate", "action_flag": 1, "change_message": "[{\"added\": {}}]"}}, {"model": "admin.logentry", "pk": 173, "fields": {"action_time": "2020-06-27T09:42:12.517Z", "user": 1, "content_type": 8, "object_id": "143", "object_repr": "commssion", "action_flag": 1, "change_message": "[{\"added\": {}}]"}}, {"model": "admin.logentry", "pk": 174, "fields": {"action_time": "2020-06-27T09:42:15.413Z", "user": 1, "content_type": 9, "object_id": "10", "object_repr": "commssion", "action_flag": 1, "change_message": "[{\"added\": {}}]"}}, {"model": "admin.logentry", "pk": 175, "fields": {"action_time": "2020-06-27T09:42:44.440Z", "user": 1, "content_type": 8, "object_id": "144", "object_repr": "liberal", "action_flag": 1, "change_message": "[{\"added\": {}}]"}}, {"model": "admin.logentry", "pk": 176, "fields": {"action_time": "2020-06-27T09:42:46.391Z", "user": 1, "content_type": 9, "object_id": "11", "object_repr": "liberal", "action_flag": 1, "change_message": "[{\"added\": {}}]"}}, {"model": "admin.logentry", "pk": 177, "fields": {"action_time": "2020-06-27T09:43:03.789Z", "user": 1, "content_type": 8, "object_id": "145", "object_repr": "compound", "action_flag": 1, "change_message": "[{\"added\": {}}]"}}, {"model": "admin.logentry", "pk": 178, "fields": {"action_time": "2020-06-27T09:43:05.931Z", "user": 1, "content_type": 9, "object_id": "12", "object_repr": "compound", "action_flag": 1, "change_message": "[{\"added\": {}}]"}}, {"model": "admin.logentry", "pk": 179, "fields": {"action_time": "2020-06-27T09:43:25.650Z", "user": 1, "content_type": 8, "object_id": "146", "object_repr": "facilitate", "action_flag": 1, "change_message": "[{\"added\": {}}]"}}, {"model": "admin.logentry", "pk": 180, "fields": {"action_time": "2020-06-27T09:43:27.650Z", "user": 1, "content_type": 9, "object_id": "13", "object_repr": "facilitate", "action_flag": 1, "change_message": "[{\"added\": {}}]"}}, {"model": "admin.logentry", "pk": 181, "fields": {"action_time": "2020-06-27T09:43:41.776Z", "user": 1, "content_type": 8, "object_id": "147", "object_repr": "discrete", "action_flag": 1, "change_message": "[{\"added\": {}}]"}}, {"model": "admin.logentry", "pk": 182, "fields": {"action_time": "2020-06-27T09:43:43.270Z", "user": 1, "content_type": 9, "object_id": "14", "object_repr": "discrete", "action_flag": 1, "change_message": "[{\"added\": {}}]"}}, {"model": "admin.logentry", "pk": 183, "fields": {"action_time": "2020-06-27T09:43:51.658Z", "user": 1, "content_type": 8, "object_id": "148", "object_repr": "amend", "action_flag": 1, "change_message": "[{\"added\": {}}]"}}, {"model": "admin.logentry", "pk": 184, "fields": {"action_time": "2020-06-27T09:43:53.258Z", "user": 1, "content_type": 9, "object_id": "15", "object_repr": "amend", "action_flag": 1, "change_message": "[{\"added\": {}}]"}}, {"model": "admin.logentry", "pk": 185, "fields": {"action_time": "2020-06-27T09:44:08.413Z", "user": 1, "content_type": 8, "object_id": "149", "object_repr": "sustain", "action_flag": 1, "change_message": "[{\"added\": {}}]"}}, {"model": "admin.logentry", "pk": 186, "fields": {"action_time": "2020-06-27T09:44:10.124Z", "user": 1, "content_type": 9, "object_id": "16", "object_repr": "sustain", "action_flag": 1, "change_message": "[{\"added\": {}}]"}}, {"model": "admin.logentry", "pk": 187, "fields": {"action_time": "2020-06-27T09:44:39.887Z", "user": 1, "content_type": 8, "object_id": "150", "object_repr": "implicate", "action_flag": 1, "change_message": "[{\"added\": {}}]"}}, {"model": "admin.logentry", "pk": 188, "fields": {"action_time": "2020-06-27T09:44:41.751Z", "user": 1, "content_type": 9, "object_id": "17", "object_repr": "implicate", "action_flag": 1, "change_message": "[{\"added\": {}}]"}}, {"model": "admin.logentry", "pk": 189, "fields": {"action_time": "2020-06-27T09:58:47.972Z", "user": 1, "content_type": 7, "object_id": "9", "object_repr": "list 6-10", "action_flag": 1, "change_message": "[{\"added\": {}}]"}}, {"model": "admin.logentry", "pk": 190, "fields": {"action_time": "2020-06-27T09:59:40.752Z", "user": 1, "content_type": 8, "object_id": "151", "object_repr": "incidence", "action_flag": 1, "change_message": "[{\"added\": {}}]"}}, {"model": "admin.logentry", "pk": 191, "fields": {"action_time": "2020-06-27T09:59:43.719Z", "user": 1, "content_type": 9, "object_id": "18", "object_repr": "incidence", "action_flag": 1, "change_message": "[{\"added\": {}}]"}}, {"model": "admin.logentry", "pk": 192, "fields": {"action_time": "2020-06-27T10:00:09.611Z", "user": 1, "content_type": 8, "object_id": "152", "object_repr": "incorporate", "action_flag": 1, "change_message": "[{\"added\": {}}]"}}, {"model": "admin.logentry", "pk": 193, "fields": {"action_time": "2020-06-27T10:00:11.719Z", "user": 1, "content_type": 9, "object_id": "19", "object_repr": "incorporate", "action_flag": 1, "change_message": "[{\"added\": {}}]"}}, {"model": "admin.logentry", "pk": 194, "fields": {"action_time": "2020-06-27T10:00:27.932Z", "user": 1, "content_type": 8, "object_id": "153", "object_repr": "acknowledge", "action_flag": 1, "change_message": "[{\"added\": {}}]"}}, {"model": "admin.logentry", "pk": 195, "fields": {"action_time": "2020-06-27T10:00:29.505Z", "user": 1, "content_type": 9, "object_id": "20", "object_repr": "acknowledge", "action_flag": 1, "change_message": "[{\"added\": {}}]"}}, {"model": "admin.logentry", "pk": 196, "fields": {"action_time": "2020-06-27T10:00:57.156Z", "user": 1, "content_type": 8, "object_id": "154", "object_repr": "aggregate", "action_flag": 1, "change_message": "[{\"added\": {}}]"}}, {"model": "admin.logentry", "pk": 197, "fields": {"action_time": "2020-06-27T10:00:58.935Z", "user": 1, "content_type": 9, "object_id": "21", "object_repr": "aggregate", "action_flag": 1, "change_message": "[{\"added\": {}}]"}}, {"model": "admin.logentry", "pk": 198, "fields": {"action_time": "2020-06-27T10:01:13.737Z", "user": 1, "content_type": 8, "object_id": "155", "object_repr": "subsidy", "action_flag": 1, "change_message": "[{\"added\": {}}]"}}, {"model": "admin.logentry", "pk": 199, "fields": {"action_time": "2020-06-27T10:01:18.399Z", "user": 1, "content_type": 9, "object_id": "22", "object_repr": "subsidy", "action_flag": 1, "change_message": "[{\"added\": {}}]"}}, {"model": "admin.logentry", "pk": 200, "fields": {"action_time": "2020-06-27T10:01:38.401Z", "user": 1, "content_type": 8, "object_id": "156", "object_repr": "inititate", "action_flag": 1, "change_message": "[{\"added\": {}}]"}}, {"model": "admin.logentry", "pk": 201, "fields": {"action_time": "2020-06-27T10:01:40.755Z", "user": 1, "content_type": 9, "object_id": "23", "object_repr": "inititate", "action_flag": 1, "change_message": "[{\"added\": {}}]"}}, {"model": "admin.logentry", "pk": 202, "fields": {"action_time": "2020-06-27T10:01:56.534Z", "user": 1, "content_type": 8, "object_id": "157", "object_repr": "nevertheless", "action_flag": 1, "change_message": "[{\"added\": {}}]"}}, {"model": "admin.logentry", "pk": 203, "fields": {"action_time": "2020-06-27T10:01:58.228Z", "user": 1, "content_type": 9, "object_id": "24", "object_repr": "nevertheless", "action_flag": 1, "change_message": "[{\"added\": {}}]"}}, {"model": "admin.logentry", "pk": 204, "fields": {"action_time": "2020-06-27T10:02:11.126Z", "user": 1, "content_type": 8, "object_id": "158", "object_repr": "precede", "action_flag": 1, "change_message": "[{\"added\": {}}]"}}, {"model": "admin.logentry", "pk": 205, "fields": {"action_time": "2020-06-27T10:02:12.694Z", "user": 1, "content_type": 9, "object_id": "25", "object_repr": "precede", "action_flag": 1, "change_message": "[{\"added\": {}}]"}}, {"model": "admin.logentry", "pk": 206, "fields": {"action_time": "2020-06-27T10:02:48.953Z", "user": 1, "content_type": 8, "object_id": "159", "object_repr": "underlie", "action_flag": 1, "change_message": "[{\"added\": {}}]"}}, {"model": "admin.logentry", "pk": 207, "fields": {"action_time": "2020-06-27T10:02:50.655Z", "user": 1, "content_type": 9, "object_id": "26", "object_repr": "underlie", "action_flag": 1, "change_message": "[{\"added\": {}}]"}}, {"model": "admin.logentry", "pk": 208, "fields": {"action_time": "2020-06-27T10:03:17.762Z", "user": 1, "content_type": 8, "object_id": "160", "object_repr": "estate", "action_flag": 1, "change_message": "[{\"added\": {}}]"}}, {"model": "admin.logentry", "pk": 209, "fields": {"action_time": "2020-06-27T10:03:19.040Z", "user": 1, "content_type": 9, "object_id": "26", "object_repr": "estate", "action_flag": 2, "change_message": "[{\"changed\": {\"fields\": [\"word\"]}}]"}}, {"model": "admin.logentry", "pk": 210, "fields": {"action_time": "2020-06-27T10:03:29.869Z", "user": 1, "content_type": 8, "object_id": "161", "object_repr": "incentive", "action_flag": 1, "change_message": "[{\"added\": {}}]"}}, {"model": "admin.logentry", "pk": 211, "fields": {"action_time": "2020-06-27T10:03:31.478Z", "user": 1, "content_type": 9, "object_id": "27", "object_repr": "incentive", "action_flag": 1, "change_message": "[{\"added\": {}}]"}}, {"model": "admin.logentry", "pk": 212, "fields": {"action_time": "2020-06-27T10:03:40.906Z", "user": 1, "content_type": 8, "object_id": "162", "object_repr": "identical", "action_flag": 1, "change_message": "[{\"added\": {}}]"}}, {"model": "admin.logentry", "pk": 213, "fields": {"action_time": "2020-06-27T10:03:42.521Z", "user": 1, "content_type": 9, "object_id": "28", "object_repr": "identical", "action_flag": 1, "change_message": "[{\"added\": {}}]"}}, {"model": "admin.logentry", "pk": 214, "fields": {"action_time": "2020-06-27T10:03:52.369Z", "user": 1, "content_type": 8, "object_id": "163", "object_repr": "infer", "action_flag": 1, "change_message": "[{\"added\": {}}]"}}, {"model": "admin.logentry", "pk": 215, "fields": {"action_time": "2020-06-27T10:03:54.119Z", "user": 1, "content_type": 9, "object_id": "29", "object_repr": "infer", "action_flag": 1, "change_message": "[{\"added\": {}}]"}}, {"model": "admin.logentry", "pk": 216, "fields": {"action_time": "2020-06-27T10:04:09.652Z", "user": 1, "content_type": 8, "object_id": "164", "object_repr": "quote", "action_flag": 1, "change_message": "[{\"added\": {}}]"}}, {"model": "admin.logentry", "pk": 217, "fields": {"action_time": "2020-06-27T10:04:10.949Z", "user": 1, "content_type": 9, "object_id": "30", "object_repr": "quote", "action_flag": 1, "change_message": "[{\"added\": {}}]"}}, {"model": "admin.logentry", "pk": 218, "fields": {"action_time": "2020-06-27T10:04:27.777Z", "user": 1, "content_type": 8, "object_id": "165", "object_repr": "differentiate", "action_flag": 1, "change_message": "[{\"added\": {}}]"}}, {"model": "admin.logentry", "pk": 219, "fields": {"action_time": "2020-06-27T10:04:28.883Z", "user": 1, "content_type": 9, "object_id": "31", "object_repr": "differentiate", "action_flag": 1, "change_message": "[{\"added\": {}}]"}}, {"model": "admin.logentry", "pk": 220, "fields": {"action_time": "2020-06-27T10:04:38.241Z", "user": 1, "content_type": 8, "object_id": "166", "object_repr": "dispose", "action_flag": 1, "change_message": "[{\"added\": {}}]"}}, {"model": "admin.logentry", "pk": 221, "fields": {"action_time": "2020-06-27T10:04:39.406Z", "user": 1, "content_type": 9, "object_id": "32", "object_repr": "dispose", "action_flag": 1, "change_message": "[{\"added\": {}}]"}}, {"model": "admin.logentry", "pk": 222, "fields": {"action_time": "2020-06-27T10:04:59.438Z", "user": 1, "content_type": 8, "object_id": "167", "object_repr": "paradigm", "action_flag": 1, "change_message": "[{\"added\": {}}]"}}, {"model": "admin.logentry", "pk": 223, "fields": {"action_time": "2020-06-27T10:05:01.358Z", "user": 1, "content_type": 9, "object_id": "33", "object_repr": "paradigm", "action_flag": 1, "change_message": "[{\"added\": {}}]"}}, {"model": "admin.logentry", "pk": 224, "fields": {"action_time": "2020-06-27T10:05:16.421Z", "user": 1, "content_type": 8, "object_id": "168", "object_repr": "commdity", "action_flag": 1, "change_message": "[{\"added\": {}}]"}}, {"model": "admin.logentry", "pk": 225, "fields": {"action_time": "2020-06-27T10:05:19.056Z", "user": 1, "content_type": 9, "object_id": "34", "object_repr": "commdity", "action_flag": 1, "change_message": "[{\"added\": {}}]"}}, {"model": "admin.logentry", "pk": 226, "fields": {"action_time": "2020-06-27T10:05:43.955Z", "user": 1, "content_type": 8, "object_id": "169", "object_repr": "parctitioner", "action_flag": 1, "change_message": "[{\"added\": {}}]"}}, {"model": "admin.logentry", "pk": 227, "fields": {"action_time": "2020-06-27T10:05:46.068Z", "user": 1, "content_type": 9, "object_id": "35", "object_repr": "parctitioner", "action_flag": 1, "change_message": "[{\"added\": {}}]"}}, {"model": "admin.logentry", "pk": 228, "fields": {"action_time": "2020-06-27T10:06:03.669Z", "user": 1, "content_type": 8, "object_id": "170", "object_repr": "asddddddddddd", "action_flag": 1, "change_message": "[{\"added\": {}}]"}}, {"model": "admin.logentry", "pk": 229, "fields": {"action_time": "2020-06-27T10:06:05.195Z", "user": 1, "content_type": 9, "object_id": "36", "object_repr": "asddddddddddd", "action_flag": 1, "change_message": "[{\"added\": {}}]"}}, {"model": "admin.logentry", "pk": 230, "fields": {"action_time": "2020-06-27T10:06:20.392Z", "user": 1, "content_type": 8, "object_id": "170", "object_repr": "asddddddddddd", "action_flag": 3, "change_message": ""}}, {"model": "admin.logentry", "pk": 231, "fields": {"action_time": "2020-06-27T10:06:55.211Z", "user": 1, "content_type": 8, "object_id": "171", "object_repr": "contemporary", "action_flag": 1, "change_message": "[{\"added\": {}}]"}}, {"model": "admin.logentry", "pk": 232, "fields": {"action_time": "2020-06-27T10:06:56.872Z", "user": 1, "content_type": 9, "object_id": "37", "object_repr": "contemporary", "action_flag": 1, "change_message": "[{\"added\": {}}]"}}, {"model": "admin.logentry", "pk": 233, "fields": {"action_time": "2020-06-27T10:07:15.235Z", "user": 1, "content_type": 8, "object_id": "172", "object_repr": "predominant", "action_flag": 1, "change_message": "[{\"added\": {}}]"}}, {"model": "admin.logentry", "pk": 234, "fields": {"action_time": "2020-06-27T10:07:17.028Z", "user": 1, "content_type": 9, "object_id": "38", "object_repr": "predominant", "action_flag": 1, "change_message": "[{\"added\": {}}]"}}, {"model": "admin.logentry", "pk": 235, "fields": {"action_time": "2020-06-27T10:07:27.787Z", "user": 1, "content_type": 8, "object_id": "173", "object_repr": "denote", "action_flag": 1, "change_message": "[{\"added\": {}}]"}}, {"model": "admin.logentry", "pk": 236, "fields": {"action_time": "2020-06-27T10:07:33.063Z", "user": 1, "content_type": 9, "object_id": "39", "object_repr": "denote", "action_flag": 1, "change_message": "[{\"added\": {}}]"}}, {"model": "admin.logentry", "pk": 237, "fields": {"action_time": "2020-06-27T10:07:55.060Z", "user": 1, "content_type": 8, "object_id": "174", "object_repr": "implicit", "action_flag": 1, "change_message": "[{\"added\": {}}]"}}, {"model": "admin.logentry", "pk": 238, "fields": {"action_time": "2020-06-27T10:07:59.084Z", "user": 1, "content_type": 9, "object_id": "40", "object_repr": "implicit", "action_flag": 1, "change_message": "[{\"added\": {}}]"}}, {"model": "admin.logentry", "pk": 239, "fields": {"action_time": "2020-06-27T10:09:35.390Z", "user": 1, "content_type": 8, "object_id": "175", "object_repr": "complement", "action_flag": 1, "change_message": "[{\"added\": {}}]"}}, {"model": "admin.logentry", "pk": 240, "fields": {"action_time": "2020-06-27T10:09:36.657Z", "user": 1, "content_type": 9, "object_id": "41", "object_repr": "complement", "action_flag": 1, "change_message": "[{\"added\": {}}]"}}, {"model": "admin.logentry", "pk": 241, "fields": {"action_time": "2020-06-27T10:10:05.945Z", "user": 1, "content_type": 8, "object_id": "176", "object_repr": "inhibit", "action_flag": 1, "change_message": "[{\"added\": {}}]"}}, {"model": "admin.logentry", "pk": 242, "fields": {"action_time": "2020-06-27T10:10:06.877Z", "user": 1, "content_type": 9, "object_id": "42", "object_repr": "inhibit", "action_flag": 1, "change_message": "[{\"added\": {}}]"}}, {"model": "admin.logentry", "pk": 243, "fields": {"action_time": "2020-06-27T10:10:44.934Z", "user": 1, "content_type": 9, "object_id": "43", "object_repr": "dispose", "action_flag": 1, "change_message": "[{\"added\": {}}]"}}, {"model": "admin.logentry", "pk": 244, "fields": {"action_time": "2020-06-27T10:11:19.889Z", "user": 1, "content_type": 8, "object_id": "177", "object_repr": "simulate", "action_flag": 1, "change_message": "[{\"added\": {}}]"}}, {"model": "admin.logentry", "pk": 245, "fields": {"action_time": "2020-06-27T10:11:21.896Z", "user": 1, "content_type": 9, "object_id": "44", "object_repr": "simulate", "action_flag": 1, "change_message": "[{\"added\": {}}]"}}, {"model": "admin.logentry", "pk": 246, "fields": {"action_time": "2020-06-27T10:11:29.477Z", "user": 1, "content_type": 8, "object_id": "178", "object_repr": "stimulate", "action_flag": 1, "change_message": "[{\"added\": {}}]"}}, {"model": "admin.logentry", "pk": 247, "fields": {"action_time": "2020-06-27T10:11:30.840Z", "user": 1, "content_type": 9, "object_id": "45", "object_repr": "stimulate", "action_flag": 1, "change_message": "[{\"added\": {}}]"}}, {"model": "admin.logentry", "pk": 248, "fields": {"action_time": "2020-06-27T10:12:01.291Z", "user": 1, "content_type": 8, "object_id": "179", "object_repr": "thereby", "action_flag": 1, "change_message": "[{\"added\": {}}]"}}, {"model": "admin.logentry", "pk": 249, "fields": {"action_time": "2020-06-27T10:12:02.459Z", "user": 1, "content_type": 9, "object_id": "46", "object_repr": "thereby", "action_flag": 1, "change_message": "[{\"added\": {}}]"}}, {"model": "admin.logentry", "pk": 250, "fields": {"action_time": "2020-06-27T10:12:23.383Z", "user": 1, "content_type": 8, "object_id": "180", "object_repr": "restore", "action_flag": 1, "change_message": "[{\"added\": {}}]"}}, {"model": "admin.logentry", "pk": 251, "fields": {"action_time": "2020-06-27T10:12:24.625Z", "user": 1, "content_type": 9, "object_id": "47", "object_repr": "restore", "action_flag": 1, "change_message": "[{\"added\": {}}]"}}, {"model": "admin.logentry", "pk": 252, "fields": {"action_time": "2020-06-27T10:13:03.406Z", "user": 1, "content_type": 8, "object_id": "181", "object_repr": "adequate", "action_flag": 1, "change_message": "[{\"added\": {}}]"}}, {"model": "admin.logentry", "pk": 253, "fields": {"action_time": "2020-06-27T10:13:04.874Z", "user": 1, "content_type": 9, "object_id": "48", "object_repr": "adequate", "action_flag": 1, "change_message": "[{\"added\": {}}]"}}, {"model": "admin.logentry", "pk": 254, "fields": {"action_time": "2020-06-27T10:13:25.074Z", "user": 1, "content_type": 8, "object_id": "182", "object_repr": "statistic", "action_flag": 1, "change_message": "[{\"added\": {}}]"}}, {"model": "admin.logentry", "pk": 255, "fields": {"action_time": "2020-06-27T10:13:26.636Z", "user": 1, "content_type": 9, "object_id": "49", "object_repr": "statistic", "action_flag": 1, "change_message": "[{\"added\": {}}]"}}, {"model": "admin.logentry", "pk": 256, "fields": {"action_time": "2020-06-27T10:14:08.389Z", "user": 1, "content_type": 9, "object_id": "50", "object_repr": "assess", "action_flag": 1, "change_message": "[{\"added\": {}}]"}}, {"model": "admin.logentry", "pk": 257, "fields": {"action_time": "2020-06-27T10:14:14.601Z", "user": 1, "content_type": 9, "object_id": "51", "object_repr": "significant", "action_flag": 1, "change_message": "[{\"added\": {}}]"}}, {"model": "admin.logentry", "pk": 258, "fields": {"action_time": "2020-06-27T10:14:23.938Z", "user": 1, "content_type": 9, "object_id": "52", "object_repr": "vary", "action_flag": 1, "change_message": "[{\"added\": {}}]"}}, {"model": "admin.logentry", "pk": 259, "fields": {"action_time": "2020-06-27T10:14:30.821Z", "user": 1, "content_type": 9, "object_id": "53", "object_repr": "perceive", "action_flag": 1, "change_message": "[{\"added\": {}}]"}}, {"model": "admin.logentry", "pk": 260, "fields": {"action_time": "2020-06-27T10:15:14.885Z", "user": 1, "content_type": 9, "object_id": "54", "object_repr": "regulate", "action_flag": 1, "change_message": "[{\"added\": {}}]"}}, {"model": "admin.logentry", "pk": 261, "fields": {"action_time": "2020-06-27T10:15:23.713Z", "user": 1, "content_type": 9, "object_id": "55", "object_repr": "commssion", "action_flag": 1, "change_message": "[{\"added\": {}}]"}}, {"model": "admin.logentry", "pk": 262, "fields": {"action_time": "2020-06-27T10:15:41.613Z", "user": 1, "content_type": 8, "object_id": "183", "object_repr": "administer", "action_flag": 1, "change_message": "[{\"added\": {}}]"}}, {"model": "admin.logentry", "pk": 263, "fields": {"action_time": "2020-06-27T10:15:51.026Z", "user": 1, "content_type": 9, "object_id": "56", "object_repr": "administer", "action_flag": 1, "change_message": "[{\"added\": {}}]"}}, {"model": "admin.logentry", "pk": 264, "fields": {"action_time": "2020-06-27T10:16:09.851Z", "user": 1, "content_type": 8, "object_id": "184", "object_repr": "transfer", "action_flag": 1, "change_message": "[{\"added\": {}}]"}}, {"model": "admin.logentry", "pk": 265, "fields": {"action_time": "2020-06-27T10:16:11.399Z", "user": 1, "content_type": 9, "object_id": "57", "object_repr": "transfer", "action_flag": 1, "change_message": "[{\"added\": {}}]"}}, {"model": "admin.logentry", "pk": 266, "fields": {"action_time": "2020-06-27T10:16:35.102Z", "user": 1, "content_type": 8, "object_id": "185", "object_repr": "interact", "action_flag": 1, "change_message": "[{\"added\": {}}]"}}, {"model": "admin.logentry", "pk": 267, "fields": {"action_time": "2020-06-27T10:16:36.269Z", "user": 1, "content_type": 9, "object_id": "58", "object_repr": "interact", "action_flag": 1, "change_message": "[{\"added\": {}}]"}}, {"model": "admin.logentry", "pk": 268, "fields": {"action_time": "2020-06-27T10:17:38.287Z", "user": 1, "content_type": 7, "object_id": "10", "object_repr": "6.16-6.18", "action_flag": 1, "change_message": "[{\"added\": {}}]"}}, {"model": "admin.logentry", "pk": 269, "fields": {"action_time": "2020-06-27T10:18:07.136Z", "user": 1, "content_type": 8, "object_id": "186", "object_repr": "exponentially", "action_flag": 1, "change_message": "[{\"added\": {}}]"}}, {"model": "admin.logentry", "pk": 270, "fields": {"action_time": "2020-06-27T10:18:12.954Z", "user": 1, "content_type": 9, "object_id": "59", "object_repr": "exponentially", "action_flag": 1, "change_message": "[{\"added\": {}}]"}}, {"model": "admin.logentry", "pk": 271, "fields": {"action_time": "2020-06-27T10:18:31.470Z", "user": 1, "content_type": 8, "object_id": "187", "object_repr": "spring up", "action_flag": 1, "change_message": "[{\"added\": {}}]"}}, {"model": "admin.logentry", "pk": 272, "fields": {"action_time": "2020-06-27T10:18:33.074Z", "user": 1, "content_type": 9, "object_id": "60", "object_repr": "spring up", "action_flag": 1, "change_message": "[{\"added\": {}}]"}}, {"model": "admin.logentry", "pk": 273, "fields": {"action_time": "2020-06-27T10:18:43.940Z", "user": 1, "content_type": 9, "object_id": "61", "object_repr": "spring up", "action_flag": 1, "change_message": "[{\"added\": {}}]"}}, {"model": "admin.logentry", "pk": 274, "fields": {"action_time": "2020-06-27T10:18:52.755Z", "user": 1, "content_type": 8, "object_id": "188", "object_repr": "pastime", "action_flag": 1, "change_message": "[{\"added\": {}}]"}}, {"model": "admin.logentry", "pk": 275, "fields": {"action_time": "2020-06-27T10:18:54.395Z", "user": 1, "content_type": 9, "object_id": "62", "object_repr": "pastime", "action_flag": 1, "change_message": "[{\"added\": {}}]"}}, {"model": "admin.logentry", "pk": 276, "fields": {"action_time": "2020-06-27T10:19:01.375Z", "user": 1, "content_type": 8, "object_id": "189", "object_repr": "aspring", "action_flag": 1, "change_message": "[{\"added\": {}}]"}}, {"model": "admin.logentry", "pk": 277, "fields": {"action_time": "2020-06-27T10:19:02.855Z", "user": 1, "content_type": 9, "object_id": "63", "object_repr": "aspring", "action_flag": 1, "change_message": "[{\"added\": {}}]"}}, {"model": "admin.logentry", "pk": 278, "fields": {"action_time": "2020-06-27T10:19:17.603Z", "user": 1, "content_type": 8, "object_id": "190", "object_repr": "numerous", "action_flag": 1, "change_message": "[{\"added\": {}}]"}}, {"model": "admin.logentry", "pk": 279, "fields": {"action_time": "2020-06-27T10:19:18.735Z", "user": 1, "content_type": 9, "object_id": "64", "object_repr": "numerous", "action_flag": 1, "change_message": "[{\"added\": {}}]"}}, {"model": "admin.logentry", "pk": 280, "fields": {"action_time": "2020-06-27T10:19:35.425Z", "user": 1, "content_type": 8, "object_id": "191", "object_repr": "competent", "action_flag": 1, "change_message": "[{\"added\": {}}]"}}, {"model": "admin.logentry", "pk": 281, "fields": {"action_time": "2020-06-27T10:19:37.162Z", "user": 1, "content_type": 9, "object_id": "65", "object_repr": "competent", "action_flag": 1, "change_message": "[{\"added\": {}}]"}}, {"model": "admin.logentry", "pk": 282, "fields": {"action_time": "2020-06-27T10:19:50.562Z", "user": 1, "content_type": 8, "object_id": "192", "object_repr": "photocopy", "action_flag": 1, "change_message": "[{\"added\": {}}]"}}, {"model": "admin.logentry", "pk": 283, "fields": {"action_time": "2020-06-27T10:19:53.565Z", "user": 1, "content_type": 9, "object_id": "66", "object_repr": "photocopy", "action_flag": 1, "change_message": "[{\"added\": {}}]"}}, {"model": "admin.logentry", "pk": 284, "fields": {"action_time": "2020-06-27T10:20:11.507Z", "user": 1, "content_type": 8, "object_id": "193", "object_repr": "extension", "action_flag": 1, "change_message": "[{\"added\": {}}]"}}, {"model": "admin.logentry", "pk": 285, "fields": {"action_time": "2020-06-27T10:20:13.252Z", "user": 1, "content_type": 9, "object_id": "67", "object_repr": "extension", "action_flag": 1, "change_message": "[{\"added\": {}}]"}}, {"model": "admin.logentry", "pk": 286, "fields": {"action_time": "2020-06-27T10:20:22.836Z", "user": 1, "content_type": 8, "object_id": "194", "object_repr": "compassionate", "action_flag": 1, "change_message": "[{\"added\": {}}]"}}, {"model": "admin.logentry", "pk": 287, "fields": {"action_time": "2020-06-27T10:20:24.452Z", "user": 1, "content_type": 9, "object_id": "68", "object_repr": "compassionate", "action_flag": 1, "change_message": "[{\"added\": {}}]"}}, {"model": "admin.logentry", "pk": 288, "fields": {"action_time": "2020-06-27T10:20:33.465Z", "user": 1, "content_type": 8, "object_id": "195", "object_repr": "due in", "action_flag": 1, "change_message": "[{\"added\": {}}]"}}, {"model": "admin.logentry", "pk": 289, "fields": {"action_time": "2020-06-27T10:20:35.289Z", "user": 1, "content_type": 9, "object_id": "69", "object_repr": "due in", "action_flag": 1, "change_message": "[{\"added\": {}}]"}}, {"model": "admin.logentry", "pk": 290, "fields": {"action_time": "2020-06-27T10:20:42.885Z", "user": 1, "content_type": 8, "object_id": "196", "object_repr": "canyon", "action_flag": 1, "change_message": "[{\"added\": {}}]"}}, {"model": "admin.logentry", "pk": 291, "fields": {"action_time": "2020-06-27T10:20:58.682Z", "user": 1, "content_type": 9, "object_id": "70", "object_repr": "canyon", "action_flag": 1, "change_message": "[{\"added\": {}}]"}}, {"model": "admin.logentry", "pk": 292, "fields": {"action_time": "2020-06-27T10:21:06.544Z", "user": 1, "content_type": 8, "object_id": "197", "object_repr": "plight", "action_flag": 1, "change_message": "[{\"added\": {}}]"}}, {"model": "admin.logentry", "pk": 293, "fields": {"action_time": "2020-06-27T10:21:07.940Z", "user": 1, "content_type": 9, "object_id": "71", "object_repr": "plight", "action_flag": 1, "change_message": "[{\"added\": {}}]"}}, {"model": "admin.logentry", "pk": 294, "fields": {"action_time": "2020-06-27T10:21:26.641Z", "user": 1, "content_type": 8, "object_id": "198", "object_repr": "intrinstic", "action_flag": 1, "change_message": "[{\"added\": {}}]"}}, {"model": "admin.logentry", "pk": 295, "fields": {"action_time": "2020-06-27T10:21:28.470Z", "user": 1, "content_type": 9, "object_id": "72", "object_repr": "intrinstic", "action_flag": 1, "change_message": "[{\"added\": {}}]"}}, {"model": "admin.logentry", "pk": 296, "fields": {"action_time": "2020-06-27T10:21:33.654Z", "user": 1, "content_type": 8, "object_id": "199", "object_repr": "harbor", "action_flag": 1, "change_message": "[{\"added\": {}}]"}}, {"model": "admin.logentry", "pk": 297, "fields": {"action_time": "2020-06-27T10:21:34.634Z", "user": 1, "content_type": 9, "object_id": "73", "object_repr": "harbor", "action_flag": 1, "change_message": "[{\"added\": {}}]"}}, {"model": "admin.logentry", "pk": 298, "fields": {"action_time": "2020-06-27T10:21:39.577Z", "user": 1, "content_type": 8, "object_id": "200", "object_repr": "damp", "action_flag": 1, "change_message": "[{\"added\": {}}]"}}, {"model": "admin.logentry", "pk": 299, "fields": {"action_time": "2020-06-27T10:21:40.946Z", "user": 1, "content_type": 9, "object_id": "74", "object_repr": "damp", "action_flag": 1, "change_message": "[{\"added\": {}}]"}}, {"model": "admin.logentry", "pk": 300, "fields": {"action_time": "2020-06-27T10:21:53.177Z", "user": 1, "content_type": 8, "object_id": "201", "object_repr": "continent", "action_flag": 1, "change_message": "[{\"added\": {}}]"}}, {"model": "admin.logentry", "pk": 301, "fields": {"action_time": "2020-06-27T10:21:54.726Z", "user": 1, "content_type": 9, "object_id": "75", "object_repr": "continent", "action_flag": 1, "change_message": "[{\"added\": {}}]"}}, {"model": "admin.logentry", "pk": 302, "fields": {"action_time": "2020-06-27T10:22:16.016Z", "user": 1, "content_type": 8, "object_id": "202", "object_repr": "multifceted", "action_flag": 1, "change_message": "[{\"added\": {}}]"}}, {"model": "admin.logentry", "pk": 303, "fields": {"action_time": "2020-06-27T10:22:18.668Z", "user": 1, "content_type": 9, "object_id": "76", "object_repr": "multifceted", "action_flag": 1, "change_message": "[{\"added\": {}}]"}}, {"model": "admin.logentry", "pk": 304, "fields": {"action_time": "2020-06-27T10:22:28.149Z", "user": 1, "content_type": 8, "object_id": "203", "object_repr": "curriculum", "action_flag": 1, "change_message": "[{\"added\": {}}]"}}, {"model": "admin.logentry", "pk": 305, "fields": {"action_time": "2020-06-27T10:22:28.905Z", "user": 1, "content_type": 9, "object_id": "77", "object_repr": "curriculum", "action_flag": 1, "change_message": "[{\"added\": {}}]"}}, {"model": "admin.logentry", "pk": 306, "fields": {"action_time": "2020-06-27T10:22:40.718Z", "user": 1, "content_type": 8, "object_id": "204", "object_repr": "formal", "action_flag": 1, "change_message": "[{\"added\": {}}]"}}, {"model": "admin.logentry", "pk": 307, "fields": {"action_time": "2020-06-27T10:22:42.111Z", "user": 1, "content_type": 9, "object_id": "78", "object_repr": "formal", "action_flag": 1, "change_message": "[{\"added\": {}}]"}}, {"model": "admin.logentry", "pk": 308, "fields": {"action_time": "2020-06-27T10:22:50.775Z", "user": 1, "content_type": 8, "object_id": "205", "object_repr": "heritage", "action_flag": 1, "change_message": "[{\"added\": {}}]"}}, {"model": "admin.logentry", "pk": 309, "fields": {"action_time": "2020-06-27T10:22:52.072Z", "user": 1, "content_type": 9, "object_id": "79", "object_repr": "heritage", "action_flag": 1, "change_message": "[{\"added\": {}}]"}}, {"model": "admin.logentry", "pk": 310, "fields": {"action_time": "2020-06-27T10:23:18.862Z", "user": 1, "content_type": 8, "object_id": "206", "object_repr": "averse", "action_flag": 1, "change_message": "[{\"added\": {}}]"}}, {"model": "admin.logentry", "pk": 311, "fields": {"action_time": "2020-06-27T10:23:20.970Z", "user": 1, "content_type": 9, "object_id": "80", "object_repr": "averse", "action_flag": 1, "change_message": "[{\"added\": {}}]"}}, {"model": "admin.logentry", "pk": 312, "fields": {"action_time": "2020-06-27T10:23:28.696Z", "user": 1, "content_type": 8, "object_id": "207", "object_repr": "altos", "action_flag": 1, "change_message": "[{\"added\": {}}]"}}, {"model": "admin.logentry", "pk": 313, "fields": {"action_time": "2020-06-27T10:23:30.795Z", "user": 1, "content_type": 9, "object_id": "81", "object_repr": "altos", "action_flag": 1, "change_message": "[{\"added\": {}}]"}}, {"model": "admin.logentry", "pk": 314, "fields": {"action_time": "2020-06-27T10:23:36.319Z", "user": 1, "content_type": 8, "object_id": "208", "object_repr": "bacon", "action_flag": 1, "change_message": "[{\"added\": {}}]"}}, {"model": "admin.logentry", "pk": 315, "fields": {"action_time": "2020-06-27T10:23:36.942Z", "user": 1, "content_type": 9, "object_id": "82", "object_repr": "bacon", "action_flag": 1, "change_message": "[{\"added\": {}}]"}}, {"model": "admin.logentry", "pk": 316, "fields": {"action_time": "2020-06-27T10:23:50.007Z", "user": 1, "content_type": 8, "object_id": "209", "object_repr": "resemble", "action_flag": 1, "change_message": "[{\"added\": {}}]"}}, {"model": "admin.logentry", "pk": 317, "fields": {"action_time": "2020-06-27T10:23:51.607Z", "user": 1, "content_type": 9, "object_id": "83", "object_repr": "resemble", "action_flag": 1, "change_message": "[{\"added\": {}}]"}}, {"model": "admin.logentry", "pk": 318, "fields": {"action_time": "2020-06-27T10:24:03.806Z", "user": 1, "content_type": 9, "object_id": "84", "object_repr": "soar", "action_flag": 1, "change_message": "[{\"added\": {}}]"}}, {"model": "admin.logentry", "pk": 319, "fields": {"action_time": "2020-06-27T10:24:16.464Z", "user": 1, "content_type": 9, "object_id": "85", "object_repr": "inferior", "action_flag": 1, "change_message": "[{\"added\": {}}]"}}, {"model": "admin.logentry", "pk": 320, "fields": {"action_time": "2020-06-27T10:24:36.386Z", "user": 1, "content_type": 9, "object_id": "86", "object_repr": "jeopardise", "action_flag": 1, "change_message": "[{\"added\": {}}]"}}, {"model": "admin.logentry", "pk": 321, "fields": {"action_time": "2020-06-27T10:24:44.179Z", "user": 1, "content_type": 9, "object_id": "87", "object_repr": "peripherally", "action_flag": 1, "change_message": "[{\"added\": {}}]"}}, {"model": "admin.logentry", "pk": 322, "fields": {"action_time": "2020-06-27T10:24:50.566Z", "user": 1, "content_type": 9, "object_id": "88", "object_repr": "prior", "action_flag": 1, "change_message": "[{\"added\": {}}]"}}, {"model": "admin.logentry", "pk": 323, "fields": {"action_time": "2020-06-27T10:24:56.084Z", "user": 1, "content_type": 9, "object_id": "89", "object_repr": "procedure", "action_flag": 1, "change_message": "[{\"added\": {}}]"}}, {"model": "admin.logentry", "pk": 324, "fields": {"action_time": "2020-06-27T10:25:02.658Z", "user": 1, "content_type": 9, "object_id": "90", "object_repr": "intensive", "action_flag": 1, "change_message": "[{\"added\": {}}]"}}, {"model": "admin.logentry", "pk": 325, "fields": {"action_time": "2020-06-27T10:25:22.374Z", "user": 1, "content_type": 8, "object_id": "210", "object_repr": "deteriorate", "action_flag": 1, "change_message": "[{\"added\": {}}]"}}, {"model": "admin.logentry", "pk": 326, "fields": {"action_time": "2020-06-27T10:25:23.649Z", "user": 1, "content_type": 9, "object_id": "91", "object_repr": "deteriorate", "action_flag": 1, "change_message": "[{\"added\": {}}]"}}, {"model": "admin.logentry", "pk": 327, "fields": {"action_time": "2020-06-27T10:25:31.428Z", "user": 1, "content_type": 9, "object_id": "92", "object_repr": "virtually", "action_flag": 1, "change_message": "[{\"added\": {}}]"}}, {"model": "admin.logentry", "pk": 328, "fields": {"action_time": "2020-06-27T10:25:37.378Z", "user": 1, "content_type": 9, "object_id": "93", "object_repr": "sustainable", "action_flag": 1, "change_message": "[{\"added\": {}}]"}}, {"model": "admin.logentry", "pk": 329, "fields": {"action_time": "2020-06-27T10:25:51.743Z", "user": 1, "content_type": 8, "object_id": "211", "object_repr": "origin", "action_flag": 1, "change_message": "[{\"added\": {}}]"}}, {"model": "admin.logentry", "pk": 330, "fields": {"action_time": "2020-06-27T10:25:53.432Z", "user": 1, "content_type": 9, "object_id": "94", "object_repr": "origin", "action_flag": 1, "change_message": "[{\"added\": {}}]"}}, {"model": "admin.logentry", "pk": 331, "fields": {"action_time": "2020-06-27T10:26:01.790Z", "user": 1, "content_type": 9, "object_id": "95", "object_repr": "monument", "action_flag": 1, "change_message": "[{\"added\": {}}]"}}, {"model": "admin.logentry", "pk": 332, "fields": {"action_time": "2020-06-27T10:26:06.063Z", "user": 1, "content_type": 9, "object_id": "96", "object_repr": "sustainable", "action_flag": 1, "change_message": "[{\"added\": {}}]"}}, {"model": "admin.logentry", "pk": 333, "fields": {"action_time": "2020-06-27T10:26:11.719Z", "user": 1, "content_type": 9, "object_id": "97", "object_repr": "inhabitant", "action_flag": 1, "change_message": "[{\"added\": {}}]"}}, {"model": "admin.logentry", "pk": 334, "fields": {"action_time": "2020-06-27T10:26:30.154Z", "user": 1, "content_type": 8, "object_id": "212", "object_repr": "plausible", "action_flag": 1, "change_message": "[{\"added\": {}}]"}}, {"model": "admin.logentry", "pk": 335, "fields": {"action_time": "2020-06-27T10:26:34.404Z", "user": 1, "content_type": 9, "object_id": "98", "object_repr": "plausible", "action_flag": 1, "change_message": "[{\"added\": {}}]"}}, {"model": "admin.logentry", "pk": 336, "fields": {"action_time": "2020-06-27T10:27:21.409Z", "user": 1, "content_type": 9, "object_id": "98", "object_repr": "venue", "action_flag": 2, "change_message": "[{\"changed\": {\"fields\": [\"word\", \"list\"]}}]"}}, {"model": "admin.logentry", "pk": 337, "fields": {"action_time": "2020-06-27T10:27:25.750Z", "user": 1, "content_type": 9, "object_id": "99", "object_repr": "hostel", "action_flag": 1, "change_message": "[{\"added\": {}}]"}}, {"model": "admin.logentry", "pk": 338, "fields": {"action_time": "2020-06-27T10:27:35.422Z", "user": 1, "content_type": 9, "object_id": "100", "object_repr": "dismissal", "action_flag": 1, "change_message": "[{\"added\": {}}]"}}, {"model": "admin.logentry", "pk": 339, "fields": {"action_time": "2020-06-27T10:27:41.880Z", "user": 1, "content_type": 9, "object_id": "101", "object_repr": "qualifications", "action_flag": 1, "change_message": "[{\"added\": {}}]"}}, {"model": "admin.logentry", "pk": 340, "fields": {"action_time": "2020-06-27T10:27:55.797Z", "user": 1, "content_type": 9, "object_id": "102", "object_repr": "tutorial", "action_flag": 1, "change_message": "[{\"added\": {}}]"}}, {"model": "admin.logentry", "pk": 341, "fields": {"action_time": "2020-06-27T10:28:01.277Z", "user": 1, "content_type": 9, "object_id": "103", "object_repr": "diploma", "action_flag": 1, "change_message": "[{\"added\": {}}]"}}, {"model": "admin.logentry", "pk": 342, "fields": {"action_time": "2020-06-27T10:28:29.242Z", "user": 1, "content_type": 9, "object_id": "104", "object_repr": "manipulation", "action_flag": 1, "change_message": "[{\"added\": {}}]"}}, {"model": "admin.logentry", "pk": 343, "fields": {"action_time": "2020-06-27T10:28:34.566Z", "user": 1, "content_type": 9, "object_id": "105", "object_repr": "licence", "action_flag": 1, "change_message": "[{\"added\": {}}]"}}, {"model": "admin.logentry", "pk": 344, "fields": {"action_time": "2020-06-27T10:28:38.881Z", "user": 1, "content_type": 9, "object_id": "106", "object_repr": "pasture", "action_flag": 1, "change_message": "[{\"added\": {}}]"}}, {"model": "admin.logentry", "pk": 345, "fields": {"action_time": "2020-06-27T10:28:43.145Z", "user": 1, "content_type": 9, "object_id": "107", "object_repr": "woodland", "action_flag": 1, "change_message": "[{\"added\": {}}]"}}, {"model": "admin.logentry", "pk": 346, "fields": {"action_time": "2020-06-27T10:28:49.416Z", "user": 1, "content_type": 9, "object_id": "108", "object_repr": "peers", "action_flag": 1, "change_message": "[{\"added\": {}}]"}}, {"model": "admin.logentry", "pk": 347, "fields": {"action_time": "2020-06-27T10:28:54.330Z", "user": 1, "content_type": 9, "object_id": "109", "object_repr": "fabric", "action_flag": 1, "change_message": "[{\"added\": {}}]"}}, {"model": "admin.logentry", "pk": 348, "fields": {"action_time": "2020-06-27T10:28:59.308Z", "user": 1, "content_type": 9, "object_id": "110", "object_repr": "testimony", "action_flag": 1, "change_message": "[{\"added\": {}}]"}}, {"model": "admin.logentry", "pk": 349, "fields": {"action_time": "2020-06-27T10:29:03.843Z", "user": 1, "content_type": 9, "object_id": "111", "object_repr": "chandelier", "action_flag": 1, "change_message": "[{\"added\": {}}]"}}, {"model": "admin.logentry", "pk": 350, "fields": {"action_time": "2020-06-27T10:29:08.457Z", "user": 1, "content_type": 9, "object_id": "112", "object_repr": "bladders", "action_flag": 1, "change_message": "[{\"added\": {}}]"}}, {"model": "admin.logentry", "pk": 351, "fields": {"action_time": "2020-06-27T10:29:14.567Z", "user": 1, "content_type": 9, "object_id": "113", "object_repr": "antenna", "action_flag": 1, "change_message": "[{\"added\": {}}]"}}, {"model": "admin.logentry", "pk": 352, "fields": {"action_time": "2020-06-27T10:29:19.783Z", "user": 1, "content_type": 9, "object_id": "114", "object_repr": "cellolose", "action_flag": 1, "change_message": "[{\"added\": {}}]"}}, {"model": "admin.logentry", "pk": 353, "fields": {"action_time": "2020-06-27T10:29:24.497Z", "user": 1, "content_type": 9, "object_id": "115", "object_repr": "bark", "action_flag": 1, "change_message": "[{\"added\": {}}]"}}, {"model": "admin.logentry", "pk": 354, "fields": {"action_time": "2020-06-27T10:29:36.054Z", "user": 1, "content_type": 9, "object_id": "116", "object_repr": "tent", "action_flag": 1, "change_message": "[{\"added\": {}}]"}}, {"model": "admin.logentry", "pk": 355, "fields": {"action_time": "2020-06-27T10:29:41.404Z", "user": 1, "content_type": 9, "object_id": "117", "object_repr": "refreshments", "action_flag": 1, "change_message": "[{\"added\": {}}]"}}, {"model": "admin.logentry", "pk": 356, "fields": {"action_time": "2020-06-27T10:29:45.512Z", "user": 1, "content_type": 9, "object_id": "118", "object_repr": "toads", "action_flag": 1, "change_message": "[{\"added\": {}}]"}}, {"model": "admin.logentry", "pk": 357, "fields": {"action_time": "2020-06-27T10:29:49.843Z", "user": 1, "content_type": 9, "object_id": "119", "object_repr": "womb", "action_flag": 1, "change_message": "[{\"added\": {}}]"}}, {"model": "admin.logentry", "pk": 358, "fields": {"action_time": "2020-06-27T10:29:54.349Z", "user": 1, "content_type": 9, "object_id": "120", "object_repr": "pond", "action_flag": 1, "change_message": "[{\"added\": {}}]"}}, {"model": "admin.logentry", "pk": 359, "fields": {"action_time": "2020-06-27T10:30:01.257Z", "user": 1, "content_type": 9, "object_id": "121", "object_repr": "habitat", "action_flag": 1, "change_message": "[{\"added\": {}}]"}}, {"model": "admin.logentry", "pk": 360, "fields": {"action_time": "2020-06-27T10:30:07.819Z", "user": 1, "content_type": 9, "object_id": "122", "object_repr": "leaflet", "action_flag": 1, "change_message": "[{\"added\": {}}]"}}, {"model": "admin.logentry", "pk": 361, "fields": {"action_time": "2020-06-27T10:30:12.885Z", "user": 1, "content_type": 9, "object_id": "123", "object_repr": "fuel", "action_flag": 1, "change_message": "[{\"added\": {}}]"}}, {"model": "admin.logentry", "pk": 362, "fields": {"action_time": "2020-06-27T10:30:16.797Z", "user": 1, "content_type": 9, "object_id": "124", "object_repr": "predator", "action_flag": 1, "change_message": "[{\"added\": {}}]"}}, {"model": "admin.logentry", "pk": 363, "fields": {"action_time": "2020-06-27T10:30:22.605Z", "user": 1, "content_type": 9, "object_id": "125", "object_repr": "variables", "action_flag": 1, "change_message": "[{\"added\": {}}]"}}, {"model": "admin.logentry", "pk": 364, "fields": {"action_time": "2020-06-27T10:30:27.838Z", "user": 1, "content_type": 9, "object_id": "126", "object_repr": "poverty", "action_flag": 1, "change_message": "[{\"added\": {}}]"}}, {"model": "admin.logentry", "pk": 365, "fields": {"action_time": "2020-06-27T10:30:32.118Z", "user": 1, "content_type": 9, "object_id": "127", "object_repr": "realism", "action_flag": 1, "change_message": "[{\"added\": {}}]"}}, {"model": "admin.logentry", "pk": 366, "fields": {"action_time": "2020-06-27T10:30:39.235Z", "user": 1, "content_type": 9, "object_id": "128", "object_repr": "frustration", "action_flag": 1, "change_message": "[{\"added\": {}}]"}}, {"model": "admin.logentry", "pk": 367, "fields": {"action_time": "2020-06-27T10:30:43.807Z", "user": 1, "content_type": 9, "object_id": "129", "object_repr": "concrete", "action_flag": 1, "change_message": "[{\"added\": {}}]"}}, {"model": "admin.logentry", "pk": 368, "fields": {"action_time": "2020-06-27T10:30:51.340Z", "user": 1, "content_type": 9, "object_id": "130", "object_repr": "exterior", "action_flag": 1, "change_message": "[{\"added\": {}}]"}}, {"model": "admin.logentry", "pk": 369, "fields": {"action_time": "2020-06-27T10:30:56.506Z", "user": 1, "content_type": 9, "object_id": "131", "object_repr": "engineering", "action_flag": 1, "change_message": "[{\"added\": {}}]"}}, {"model": "admin.logentry", "pk": 370, "fields": {"action_time": "2020-06-27T10:31:00.825Z", "user": 1, "content_type": 9, "object_id": "132", "object_repr": "spa", "action_flag": 1, "change_message": "[{\"added\": {}}]"}}, {"model": "admin.logentry", "pk": 371, "fields": {"action_time": "2020-06-27T10:31:08.105Z", "user": 1, "content_type": 9, "object_id": "133", "object_repr": "hairdresser", "action_flag": 1, "change_message": "[{\"added\": {}}]"}}, {"model": "admin.logentry", "pk": 372, "fields": {"action_time": "2020-06-27T10:31:13.490Z", "user": 1, "content_type": 9, "object_id": "134", "object_repr": "ratio", "action_flag": 1, "change_message": "[{\"added\": {}}]"}}, {"model": "admin.logentry", "pk": 373, "fields": {"action_time": "2020-06-27T10:31:18.252Z", "user": 1, "content_type": 9, "object_id": "135", "object_repr": "temperature", "action_flag": 1, "change_message": "[{\"added\": {}}]"}}, {"model": "admin.logentry", "pk": 374, "fields": {"action_time": "2020-06-27T10:31:23.608Z", "user": 1, "content_type": 9, "object_id": "136", "object_repr": "parachute", "action_flag": 1, "change_message": "[{\"added\": {}}]"}}, {"model": "admin.logentry", "pk": 375, "fields": {"action_time": "2020-06-27T10:31:27.546Z", "user": 1, "content_type": 9, "object_id": "137", "object_repr": "valve", "action_flag": 1, "change_message": "[{\"added\": {}}]"}}, {"model": "admin.logentry", "pk": 376, "fields": {"action_time": "2020-06-27T10:31:33.140Z", "user": 1, "content_type": 9, "object_id": "138", "object_repr": "chimpanzees", "action_flag": 1, "change_message": "[{\"added\": {}}]"}}, {"model": "admin.logentry", "pk": 377, "fields": {"action_time": "2020-06-27T10:31:38.187Z", "user": 1, "content_type": 9, "object_id": "139", "object_repr": "dominace", "action_flag": 1, "change_message": "[{\"added\": {}}]"}}, {"model": "admin.logentry", "pk": 378, "fields": {"action_time": "2020-06-27T10:31:43.244Z", "user": 1, "content_type": 9, "object_id": "140", "object_repr": "nutshell", "action_flag": 1, "change_message": "[{\"added\": {}}]"}}, {"model": "admin.logentry", "pk": 379, "fields": {"action_time": "2020-06-27T10:31:49.999Z", "user": 1, "content_type": 9, "object_id": "141", "object_repr": "binoculars", "action_flag": 1, "change_message": "[{\"added\": {}}]"}}, {"model": "admin.logentry", "pk": 380, "fields": {"action_time": "2020-06-27T10:31:56.721Z", "user": 1, "content_type": 9, "object_id": "142", "object_repr": "eskimo", "action_flag": 1, "change_message": "[{\"added\": {}}]"}}, {"model": "admin.logentry", "pk": 381, "fields": {"action_time": "2020-06-27T10:32:03.073Z", "user": 1, "content_type": 9, "object_id": "143", "object_repr": "vibration", "action_flag": 1, "change_message": "[{\"added\": {}}]"}}, {"model": "admin.logentry", "pk": 382, "fields": {"action_time": "2020-06-27T10:32:10.545Z", "user": 1, "content_type": 9, "object_id": "144", "object_repr": "bulb", "action_flag": 1, "change_message": "[{\"added\": {}}]"}}, {"model": "admin.logentry", "pk": 383, "fields": {"action_time": "2020-06-27T10:32:14.847Z", "user": 1, "content_type": 9, "object_id": "145", "object_repr": "mud", "action_flag": 1, "change_message": "[{\"added\": {}}]"}}, {"model": "admin.logentry", "pk": 384, "fields": {"action_time": "2020-06-27T10:32:20.527Z", "user": 1, "content_type": 9, "object_id": "146", "object_repr": "reservoir", "action_flag": 1, "change_message": "[{\"added\": {}}]"}}, {"model": "admin.logentry", "pk": 385, "fields": {"action_time": "2020-06-27T10:32:25.532Z", "user": 1, "content_type": 9, "object_id": "147", "object_repr": "proofreading", "action_flag": 1, "change_message": "[{\"added\": {}}]"}}, {"model": "admin.logentry", "pk": 386, "fields": {"action_time": "2020-06-27T10:32:30.112Z", "user": 1, "content_type": 9, "object_id": "148", "object_repr": "librarian", "action_flag": 1, "change_message": "[{\"added\": {}}]"}}, {"model": "admin.logentry", "pk": 387, "fields": {"action_time": "2020-06-27T10:32:34.209Z", "user": 1, "content_type": 9, "object_id": "149", "object_repr": "peas", "action_flag": 1, "change_message": "[{\"added\": {}}]"}}, {"model": "admin.logentry", "pk": 388, "fields": {"action_time": "2020-06-27T10:32:38.188Z", "user": 1, "content_type": 9, "object_id": "150", "object_repr": "fertilizer", "action_flag": 1, "change_message": "[{\"added\": {}}]"}}, {"model": "admin.logentry", "pk": 389, "fields": {"action_time": "2020-06-27T10:32:43.761Z", "user": 1, "content_type": 9, "object_id": "151", "object_repr": "porcelain", "action_flag": 1, "change_message": "[{\"added\": {}}]"}}, {"model": "admin.logentry", "pk": 390, "fields": {"action_time": "2020-06-27T10:32:49.268Z", "user": 1, "content_type": 9, "object_id": "152", "object_repr": "plough", "action_flag": 1, "change_message": "[{\"added\": {}}]"}}, {"model": "admin.logentry", "pk": 391, "fields": {"action_time": "2020-06-27T10:32:53.943Z", "user": 1, "content_type": 9, "object_id": "153", "object_repr": "windmills", "action_flag": 1, "change_message": "[{\"added\": {}}]"}}, {"model": "admin.logentry", "pk": 392, "fields": {"action_time": "2020-06-27T10:32:58.717Z", "user": 1, "content_type": 9, "object_id": "154", "object_repr": "judo", "action_flag": 1, "change_message": "[{\"added\": {}}]"}}, {"model": "admin.logentry", "pk": 393, "fields": {"action_time": "2020-06-27T10:33:07.154Z", "user": 1, "content_type": 9, "object_id": "155", "object_repr": "fiancee", "action_flag": 1, "change_message": "[{\"added\": {}}]"}}, {"model": "admin.logentry", "pk": 394, "fields": {"action_time": "2020-06-27T10:33:11.682Z", "user": 1, "content_type": 9, "object_id": "156", "object_repr": "representative", "action_flag": 1, "change_message": "[{\"added\": {}}]"}}, {"model": "admin.logentry", "pk": 395, "fields": {"action_time": "2020-06-27T10:33:16.288Z", "user": 1, "content_type": 9, "object_id": "157", "object_repr": "voicemail", "action_flag": 1, "change_message": "[{\"added\": {}}]"}}]